{
  "config_path": "training/configs/ppo_mlp_residual.yaml",
  "model_path": "training/checkpoints/ppo_mlp_residual",
  "scenario_count": 20,
  "num_samples": 16,
  "sampling_deterministic_fallback": true,
  "sampling_seed": 673928160,
  "hybrid": {
    "enabled": true,
    "task_threshold": 15,
    "milp_timeout_seconds": 10.0,
    "requires_proven_optimal": true
  },
  "overall": {
    "mean_ratio": 0.9656533690956751,
    "std_ratio": 0.030654055942584926,
    "hybrid_mean_ratio": 0.9536740015055847,
    "hybrid_std_ratio": 0.03941274988481131
  },
  "by_task_size": {
    "10": {
      "count": 5,
      "mean_ratio": 0.9606040052457872,
      "std_ratio": 0.04390415254542149,
      "hybrid_mean_ratio": 0.9126865348854251,
      "hybrid_std_ratio": 0.04665169859934785
    },
    "15": {
      "count": 5,
      "mean_ratio": 0.9469914443236286,
      "std_ratio": 0.019567353795998745,
      "hybrid_mean_ratio": 0.9469914443236286,
      "hybrid_std_ratio": 0.019567353795998745
    },
    "20": {
      "count": 5,
      "mean_ratio": 0.9711739381537796,
      "std_ratio": 0.022735480501907247,
      "hybrid_mean_ratio": 0.9711739381537796,
      "hybrid_std_ratio": 0.022735480501907247
    },
    "25": {
      "count": 5,
      "mean_ratio": 0.9838440886595052,
      "std_ratio": 0.014006573153387039,
      "hybrid_mean_ratio": 0.9838440886595052,
      "hybrid_std_ratio": 0.014006573153387039
    }
  },
  "scenarios": [
    {
      "scenario": "scenario_10_0.json",
      "num_tasks": 10,
      "heft_makespan": 0.4552284363452672,
      "rl_makespan": 0.4391864726585606,
      "ratio": 0.9647606291568753,
      "hybrid_makespan": 0.3907455113200658,
      "hybrid_ratio": 0.8583504019588653,
      "hybrid_selected_method": "milp_optimal",
      "hybrid_reason": "milp_proven_optimal",
      "hybrid_milp_status": "optimal",
      "hybrid_milp_proven_optimal": true,
      "hybrid_milp_makespan": 0.3907455113200658,
      "hybrid_milp_best_bound": 0.3907455113200658,
      "hybrid_milp_solve_time_seconds": 2.188597500004107,
      "hybrid_milp_error": null
    },
    {
      "scenario": "scenario_10_1.json",
      "num_tasks": 10,
      "heft_makespan": 0.5088156337709009,
      "rl_makespan": 0.46775171885799394,
      "ratio": 0.9192950998604804,
      "hybrid_makespan": 0.45955866745099877,
      "hybrid_ratio": 0.9031928992534052,
      "hybrid_selected_method": "milp_optimal",
      "hybrid_reason": "milp_proven_optimal",
      "hybrid_milp_status": "optimal",
      "hybrid_milp_proven_optimal": true,
      "hybrid_milp_makespan": 0.45955866745099877,
      "hybrid_milp_best_bound": 0.45955866745099877,
      "hybrid_milp_solve_time_seconds": 1.5427990000025602,
      "hybrid_milp_error": null
    },
    {
      "scenario": "scenario_10_2.json",
      "num_tasks": 10,
      "heft_makespan": 0.5084000846273409,
      "rl_makespan": 0.4823116458783987,
      "ratio": 0.9486852194997861,
      "hybrid_makespan": 0.4509024842469219,
      "hybrid_ratio": 0.886904817447926,
      "hybrid_selected_method": "milp_optimal",
      "hybrid_reason": "milp_proven_optimal",
      "hybrid_milp_status": "optimal",
      "hybrid_milp_proven_optimal": true,
      "hybrid_milp_makespan": 0.4509024842469219,
      "hybrid_milp_best_bound": 0.4509024842469219,
      "hybrid_milp_solve_time_seconds": 2.6660543000034522,
      "hybrid_milp_error": null
    },
    {
      "scenario": "scenario_10_3.json",
      "num_tasks": 10,
      "heft_makespan": 0.3575317979596756,
      "rl_makespan": 0.37270769656013786,
      "ratio": 1.0424462906154541,
      "hybrid_makespan": 0.356544541233769,
      "hybrid_ratio": 0.9972386883305469,
      "hybrid_selected_method": "milp_optimal",
      "hybrid_reason": "milp_proven_optimal",
      "hybrid_milp_status": "optimal",
      "hybrid_milp_proven_optimal": true,
      "hybrid_milp_makespan": 0.356544541233769,
      "hybrid_milp_best_bound": 0.356544541233769,
      "hybrid_milp_solve_time_seconds": 0.4876174999953946,
      "hybrid_milp_error": null
    },
    {
      "scenario": "scenario_10_4.json",
      "num_tasks": 10,
      "heft_makespan": 0.3707058369601609,
      "rl_makespan": 0.34395302989962745,
      "ratio": 0.9278327870963399,
      "hybrid_makespan": 0.3402137499047329,
      "hybrid_ratio": 0.9177458674363821,
      "hybrid_selected_method": "milp_optimal",
      "hybrid_reason": "milp_proven_optimal",
      "hybrid_milp_status": "optimal",
      "hybrid_milp_proven_optimal": true,
      "hybrid_milp_makespan": 0.3402137499047329,
      "hybrid_milp_best_bound": 0.3402137499047329,
      "hybrid_milp_solve_time_seconds": 4.4775202999881,
      "hybrid_milp_error": null
    },
    {
      "scenario": "scenario_15_0.json",
      "num_tasks": 15,
      "heft_makespan": 0.6054409838212004,
      "rl_makespan": 0.5673612949638751,
      "ratio": 0.9371042101957026,
      "hybrid_makespan": 0.5673612949638751,
      "hybrid_ratio": 0.9371042101957026,
      "hybrid_selected_method": "residual_fallback",
      "hybrid_reason": "milp_not_proven_optimal",
      "hybrid_milp_status": "feasible_not_proven_optimal",
      "hybrid_milp_proven_optimal": false,
      "hybrid_milp_makespan": 0.5464461998199125,
      "hybrid_milp_best_bound": 0.2138435,
      "hybrid_milp_solve_time_seconds": 10.106348100001924,
      "hybrid_milp_error": null
    },
    {
      "scenario": "scenario_15_1.json",
      "num_tasks": 15,
      "heft_makespan": 0.6167576868599802,
      "rl_makespan": 0.5658137368032741,
      "ratio": 0.9174003808269167,
      "hybrid_makespan": 0.5658137368032741,
      "hybrid_ratio": 0.9174003808269167,
      "hybrid_selected_method": "residual_fallback",
      "hybrid_reason": "milp_not_proven_optimal",
      "hybrid_milp_status": "feasible_not_proven_optimal",
      "hybrid_milp_proven_optimal": false,
      "hybrid_milp_makespan": 0.5416053480961509,
      "hybrid_milp_best_bound": 0.24724261,
      "hybrid_milp_solve_time_seconds": 10.04697870000382,
      "hybrid_milp_error": null
    },
    {
      "scenario": "scenario_15_2.json",
      "num_tasks": 15,
      "heft_makespan": 0.6294246370418829,
      "rl_makespan": 0.5939649511056825,
      "ratio": 0.9436633333851517,
      "hybrid_makespan": 0.5939649511056825,
      "hybrid_ratio": 0.9436633333851517,
      "hybrid_selected_method": "residual_fallback",
      "hybrid_reason": "milp_not_proven_optimal",
      "hybrid_milp_status": "feasible_not_proven_optimal",
      "hybrid_milp_proven_optimal": false,
      "hybrid_milp_makespan": 0.5735260220667302,
      "hybrid_milp_best_bound": 0.21090923,
      "hybrid_milp_solve_time_seconds": 10.060518500002217,
      "hybrid_milp_error": null
    },
    {
      "scenario": "scenario_15_3.json",
      "num_tasks": 15,
      "heft_makespan": 0.6089972186041921,
      "rl_makespan": 0.5913463126673694,
      "ratio": 0.9710164424440588,
      "hybrid_makespan": 0.5913463126673694,
      "hybrid_ratio": 0.9710164424440588,
      "hybrid_selected_method": "residual_fallback",
      "hybrid_reason": "milp_not_proven_optimal",
      "hybrid_milp_status": "feasible_not_proven_optimal",
      "hybrid_milp_proven_optimal": false,
      "hybrid_milp_makespan": 0.5849171093554997,
      "hybrid_milp_best_bound": 0.22110823,
      "hybrid_milp_solve_time_seconds": 10.050912699996843,
      "hybrid_milp_error": null
    },
    {
      "scenario": "scenario_15_4.json",
      "num_tasks": 15,
      "heft_makespan": 0.5750342951613558,
      "rl_makespan": 0.5553525128265174,
      "ratio": 0.9657728547663132,
      "hybrid_makespan": 0.5553525128265174,
      "hybrid_ratio": 0.9657728547663132,
      "hybrid_selected_method": "residual_fallback",
      "hybrid_reason": "milp_not_proven_optimal",
      "hybrid_milp_status": "feasible_not_proven_optimal",
      "hybrid_milp_proven_optimal": false,
      "hybrid_milp_makespan": 0.5538335933876205,
      "hybrid_milp_best_bound": 0.25088943,