seed	train_seconds	eval_seconds	bestof8_seconds
123	377.485904	3.626609	6.038562
456	380.876498	3.665422	5.922245
789	411.880297	3.911521	6.245035
