{
  "method": "Residual Best-of-64 + precedence-preserving relocation local search",
  "config_path": "training/configs/ppo_mlp_residual.yaml",
  "model_path": "training/checkpoints/ppo_mlp_residual",
  "sampling_seed": 404221113,
  "num_samples": 64,
  "max_passes": 3,
  "scenario_count": 20,
  "elapsed_seconds": 26.012177400000155,
  "overall": {
    "residual_bestof64_mean_ratio": 0.949934568895751,
    "local_search_mean_ratio": 0.9320325245970592,
    "paired_mean_difference_local_minus_base": -0.01790204429869171,
    "residual_bestof64_better_than_heft_count": 18,
    "local_search_better_than_heft_count": 20,
    "improved_scenario_count": 14
  },
  "by_task_size": {
    "10": {
      "count": 5,
      "residual_bestof64_mean_ratio": 0.934325911759251,
      "local_search_mean_ratio": 0.9254055253528037
    },
    "15": {
      "count": 5,
      "residual_bestof64_mean_ratio": 0.9398377270129974,
      "local_search_mean_ratio": 0.9156262429919876
    },
    "20": {
      "count": 5,
      "residual_bestof64_mean_ratio": 0.9503063492431798,
      "local_search_mean_ratio": 0.9317749610953745
    },
    "25": {
      "count": 5,
      "residual_bestof64_mean_ratio": 0.9752682875675754,
      "local_search_mean_ratio": 0.9553233689480711
    }
  },
  "scenarios": [
    {
      "scenario": "scenario_10_0.json",
      "num_tasks": 10,
      "scenario_seed": 404221113,
      "heft_makespan": 0.4552284363452672,
      "residual_bestof64_makespan": 0.4161811871025205,
      "local_search_makespan": 0.40950068117154836,
      "residual_bestof64_ratio": 0.9142249338458914,
      "local_search_ratio": 0.89954987095965,
      "improvement_makespan": 0.006680505930972136,
      "evaluated_neighbors": 68,
      "accepted_moves": 1
    },
    {
      "scenario": "scenario_10_1.json",
      "num_tasks": 10,
      "scenario_seed": 404221114,
      "heft_makespan": 0.5088156337709009,
      "residual_bestof64_makespan": 0.46775171885799394,
      "local_search_makespan": 0.46775171885799394,
      "residual_bestof64_ratio": 0.9192950998604804,
      "local_search_ratio": 0.9192950998604804,
      "improvement_makespan": 0.0,
      "evaluated_neighbors": 34,
      "accepted_moves": 0
    },
    {
      "scenario": "scenario_10_2.json",
      "num_tasks": 10,
      "scenario_seed": 404221115,
      "heft_makespan": 0.5084000846273409,
      "residual_bestof64_makespan": 0.4597851682917591,
      "local_search_makespan": 0.45090248323965565,
      "residual_bestof64_ratio": 0.9043766556978119,
      "local_search_ratio": 0.8869048154666788,
      "improvement_makespan": 0.008882685052103434,
      "evaluated_neighbors": 73,
      "accepted_moves": 1
    },
    {
      "scenario": "scenario_10_3.json",
      "num_tasks": 10,
      "scenario_seed": 404221116,
      "heft_makespan": 0.3575317979596756,
      "residual_bestof64_makespan": 0.36099760897861227,
      "local_search_makespan": 0.3565445400970419,
      "residual_bestof64_ratio": 1.0096937140660356,
      "local_search_ratio": 0.9972386851511734,
      "improvement_makespan": 0.004453068881570377,
      "evaluated_neighbors": 62,
      "accepted_moves": 1
    },
    {
      "scenario": "scenario_10_4.json",
      "num_tasks": 10,
      "scenario_seed": 404221117,
      "heft_makespan": 0.3707058369601609,
      "residual_bestof64_makespan": 0.34254670845909807,
      "local_search_makespan": 0.34254670845909807,
      "residual_bestof64_ratio": 0.9240391553260354,
      "local_search_ratio": 0.9240391553260354,
      "improvement_makespan": 0.0,
      "evaluated_neighbors": 34,
      "accepted_moves": 0
    },
    {
      "scenario": "scenario_15_0.json",
      "num_tasks": 15,
      "scenario_seed": 404221118,
      "heft_makespan": 0.6054409838212004,
      "residual_bestof64_makespan": 0.5668253383083427,
      "local_search_makespan": 0.5393520002088429,
      "residual_bestof64_ratio": 0.9362189766719498,
      "local_search_ratio": 0.8908415760108586,
      "improvement_makespan": 0.02747333809949981,
      "evaluated_neighbors": 244,
      "accepted_moves": 2
    },
    {
      "scenario": "scenario_15_1.json",
      "num_tasks": 15,
      "scenario_seed": 404221119,
      "heft_makespan": 0.6167576868599802,
      "residual_bestof64_makespan": 0.5459282872541859,
      "local_search_makespan": 0.5300108470289947,
      "residual_bestof64_ratio": 0.8851584647993622,
      "local_search_ratio": 0.8593502088759872,
      "improvement_makespan": 0.01591744022519115,
      "evaluated_neighbors": 198,
      "accepted_moves": 2
    },
    {
      "scenario": "scenario_15_2.json",
      "num_tasks": 15,
      "scenario_seed": 404221120,
      "heft_makespan": 0.6294246370418829,
      "residual_bestof64_makespan": 0.5939649511056824,
      "local_search_makespan": 0.562574434453101,
      "residual_bestof64_ratio": 0.9436633333851516,
      "local_search_ratio": 0.8937915698645689,
      "improvement_makespan": 0.03139051665258141,
      "evaluated_neighbors": 105,
      "accepted_moves": 1
    },
    {
      "scenario": "scenario_15_3.json",
      "num_tasks": 15,
      "scenario_seed": 404221121,
      "heft_makespan": 0.6089972186041921,
      "residual_bestof64_makespan": 0.5913463126673694,
      "local_search_makespan": 0.5913463126673694,
      "residual_bestof64_ratio": 0.9710164424440588,
      "local_search_ratio": 0.9710164424440588,
      "improvement_makespan": 0.0,
      "evaluated_neighbors": 64,
      "accepted_moves": 0
    },
    {
      "scenario": "scenario_15_4.json",
      "num_tasks": 15,
      "scenario_seed": 404221122,
      "heft_makespan": 0.5750342951613558,
      "residual_bestof64_makespan": 0.5538335959619461,
      "local_search_makespan": 0.5538335959619461,
      "residual_bestof64_ratio": 0.9631314177644644,
      "local_search_ratio": 0.9631314177644644,
      "improvement_makespan": 0.0,
      "evaluated_neighbors": 51,
      "accepted_moves": 0
    },
    {
      "scenario": "scenario_20_0.json",
      "num_tasks": 20,
      "scenario_seed": 404221123,
      "heft_makespan": 0.9724235579213067,
      "residual_bestof64_makespan": 0.8997992470499775,
      "local_search_makespan": 0.8997992470499775,
      "residual_bestof64_ratio": 0.9253161749530482,
      "local_search_ratio": 0.9253161749530482,
      "improvement_makespan": 0.0,
      "evaluated_neighbors": 102,
      "accepted_moves": 0
    },
    {
      "scenario": "scenario_20_1.json",
      "num_tasks": 20,
      "scenario_seed": 404221124,
      "heft_makespan": 0.7681376680144106,
      "residual_bestof64_makespan": 0.7325512303901268,
      "local_search_makespan": 0.6989819326372971,
      "residual_bestof64_ratio": 0.9536717972492189,
      "local_search_ratio": 0.9099696079794174,
      "improvement_makespan": 0.033569297752829685,
      "evaluated_neighbors": 159,
      "accepted_moves": 1
    },
    {
      "scenario": "scenario_20_2.json",
      "num_tasks": 20,
      "scenario_seed": 404221125,
      "heft_makespan": 0.6474996876100765,
      "residual_bestof64_makespan": 0.6207147321360903,
      "local_search_makespan": 0.6207147321360903,
      "residual_bestof64_ratio": 0.9586332534416355,
      "local_search_ratio": 0.9586332534416355,
      "improvement_makespan": 0.0,
      "evaluated_neighbors": 96,
      "accepted_moves": 0
    },
    {
      "scenario": "scenario_20_3.json",
      "num_tasks": 20,
      "scenario_seed": 404221126,
      "heft_makespan": 0.86894815180045,
      "residual_bestof64_makespan": 0.85100179951535,
      "local_search_makespan": 0.8227989607354677,
      "residual_bestof64_ratio": 0.9793470390058194,
      "local_search_ratio": 0.9468907425956752,
      "improvement_makespan": 0.02820283877988239,
      "evaluated_neighbors": 163,
      "accepted_moves": 1
    },
    {
      "scenario": "scenario_20_4.json",
      "num_tasks": 20,
      "scenario_seed": 404221127,
      "heft_makespan": 0.8359221176853918,