{
  "method": "Residual Best-of-64 + precedence-preserving relocation local search",
  "config_path": "training/configs/ppo_mlp_residual.yaml",
  "model_path": "training/checkpoints/ppo_mlp_residual",
  "sampling_seed": 314495633,
  "num_samples": 64,
  "max_passes": 3,
  "scenario_count": 20,
  "elapsed_seconds": 25.382857999999942,
  "overall": {
    "residual_bestof64_mean_ratio": 0.9499481031455419,
    "local_search_mean_ratio": 0.9354365626301571,
    "paired_mean_difference_local_minus_base": -0.014511540515384775,
    "residual_bestof64_better_than_heft_count": 18,
    "local_search_better_than_heft_count": 19,
    "improved_scenario_count": 13
  },
  "by_task_size": {
    "10": {
      "count": 5,
      "residual_bestof64_mean_ratio": 0.9370486024524848,
      "local_search_mean_ratio": 0.9198891470744227
    },
    "15": {
      "count": 5,
      "residual_bestof64_mean_ratio": 0.9453167738784005,
      "local_search_mean_ratio": 0.9225110519932229
    },
    "20": {
      "count": 5,
      "residual_bestof64_mean_ratio": 0.9360578986040629,
      "local_search_mean_ratio": 0.9283393139383153
    },
    "25": {
      "count": 5,
      "residual_bestof64_mean_ratio": 0.9813691376472192,
      "local_search_mean_ratio": 0.9710067375146674
    }
  },
  "scenarios": [
    {
      "scenario": "scenario_10_0.json",
      "num_tasks": 10,
      "scenario_seed": 314495633,
      "heft_makespan": 0.4552284363452672,
      "residual_bestof64_makespan": 0.4164686062846422,
      "local_search_makespan": 0.4042747974784184,
      "residual_bestof64_ratio": 0.9148563073699824,
      "local_search_ratio": 0.8880701757651116,
      "improvement_makespan": 0.012193808806223838,
      "evaluated_neighbors": 57,
      "accepted_moves": 1
    },
    {
      "scenario": "scenario_10_1.json",
      "num_tasks": 10,
      "scenario_seed": 314495634,
      "heft_makespan": 0.5088156337709009,
      "residual_bestof64_makespan": 0.45955866969472786,
      "local_search_makespan": 0.45955866969472786,
      "residual_bestof64_ratio": 0.9031929036631146,
      "local_search_ratio": 0.9031929036631146,
      "improvement_makespan": 0.0,
      "evaluated_neighbors": 31,
      "accepted_moves": 0
    },
    {
      "scenario": "scenario_10_2.json",
      "num_tasks": 10,
      "scenario_seed": 314495635,
      "heft_makespan": 0.5084000846273409,
      "residual_bestof64_makespan": 0.47457161674237713,
      "local_search_makespan": 0.45090248323965565,
      "residual_bestof64_ratio": 0.9334609318372554,
      "local_search_ratio": 0.8869048154666788,
      "improvement_makespan": 0.023669133502721484,
      "evaluated_neighbors": 76,
      "accepted_moves": 1
    },
    {
      "scenario": "scenario_10_3.json",
      "num_tasks": 10,
      "scenario_seed": 314495636,
      "heft_makespan": 0.3575317979596756,
      "residual_bestof64_makespan": 0.36099760897861227,
      "local_search_makespan": 0.3565445400970419,
      "residual_bestof64_ratio": 1.0096937140660356,
      "local_search_ratio": 0.9972386851511734,
      "improvement_makespan": 0.004453068881570377,
      "evaluated_neighbors": 63,
      "accepted_moves": 1
    },
    {
      "scenario": "scenario_10_4.json",
      "num_tasks": 10,
      "scenario_seed": 314495637,
      "heft_makespan": 0.3707058369601609,
      "residual_bestof64_makespan": 0.34254670845909807,
      "local_search_makespan": 0.34254670845909807,
      "residual_bestof64_ratio": 0.9240391553260354,
      "local_search_ratio": 0.9240391553260354,
      "improvement_makespan": 0.0,
      "evaluated_neighbors": 35,
      "accepted_moves": 0
    },
    {
      "scenario": "scenario_15_0.json",
      "num_tasks": 15,
      "scenario_seed": 314495638,
      "heft_makespan": 0.6054409838212004,
      "residual_bestof64_makespan": 0.5673612949638751,
      "local_search_makespan": 0.5445356644447229,
      "residual_bestof64_ratio": 0.9371042101957026,
      "local_search_ratio": 0.8994033753842073,
      "improvement_makespan": 0.022825630519152207,
      "evaluated_neighbors": 239,
      "accepted_moves": 2
    },
    {
      "scenario": "scenario_15_1.json",
      "num_tasks": 15,
      "scenario_seed": 314495639,
      "heft_makespan": 0.6167576868599802,
      "residual_bestof64_makespan": 0.5508668477060006,
      "local_search_makespan": 0.5345498995002403,
      "residual_bestof64_ratio": 0.8931657593285277,
      "local_search_ratio": 0.8667097482347177,
      "improvement_makespan": 0.01631694820576024,
      "evaluated_neighbors": 184,
      "accepted_moves": 2
    },
    {
      "scenario": "scenario_15_2.json",
      "num_tasks": 15,
      "scenario_seed": 314495640,
      "heft_makespan": 0.6294246370418829,
      "residual_bestof64_makespan": 0.5939649511056824,
      "local_search_makespan": 0.5625744344531011,
      "residual_bestof64_ratio": 0.9436633333851516,
      "local_search_ratio": 0.893791569864569,
      "improvement_makespan": 0.0313905166525813,
      "evaluated_neighbors": 101,
      "accepted_moves": 1
    },
    {
      "scenario": "scenario_15_3.json",
      "num_tasks": 15,
      "scenario_seed": 314495641,
      "heft_makespan": 0.6089972186041921,
      "residual_bestof64_makespan": 0.5913463126673694,
      "local_search_makespan": 0.5913463126673694,
      "residual_bestof64_ratio": 0.9710164424440588,
      "local_search_ratio": 0.9710164424440588,
      "improvement_makespan": 0.0,
      "evaluated_neighbors": 78,
      "accepted_moves": 0
    },
    {
      "scenario": "scenario_15_4.json",
      "num_tasks": 15,
      "scenario_seed": 314495642,
      "heft_makespan": 0.5750342951613558,
      "residual_bestof64_makespan": 0.5644732866228495,
      "local_search_makespan": 0.5644732866228495,
      "residual_bestof64_ratio": 0.981634124038562,
      "local_search_ratio": 0.981634124038562,
      "improvement_makespan": 0.0,
      "evaluated_neighbors": 61,
      "accepted_moves": 0
    },
    {
      "scenario": "scenario_20_0.json",
      "num_tasks": 20,
      "scenario_seed": 314495643,
      "heft_makespan": 0.9724235579213067,
      "residual_bestof64_makespan": 0.8673341131478474,
      "local_search_makespan": 0.8673341131478474,
      "residual_bestof64_ratio": 0.8919303795990885,
      "local_search_ratio": 0.8919303795990885,
      "improvement_makespan": 0.0,
      "evaluated_neighbors": 91,
      "accepted_moves": 0
    },
    {
      "scenario": "scenario_20_1.json",
      "num_tasks": 20,
      "scenario_seed": 314495644,
      "heft_makespan": 0.7681376680144106,
      "residual_bestof64_makespan": 0.7267179389031776,
      "local_search_makespan": 0.7142897194407463,
      "residual_bestof64_ratio": 0.9460777269023917,
      "local_search_ratio": 0.9298980497690498,
      "improvement_makespan": 0.012428219462431334,
      "evaluated_neighbors": 160,
      "accepted_moves": 1
    },
    {
      "scenario": "scenario_20_2.json",
      "num_tasks": 20,
      "scenario_seed": 314495645,
      "heft_makespan": 0.6474996876100765,
      "residual_bestof64_makespan": 0.6428920729713068,
      "local_search_makespan": 0.630039174957089,
      "residual_bestof64_ratio": 0.9928839894027186,
      "local_search_ratio": 0.9730339442827621,
      "improvement_makespan": 0.01285289801421774,
      "evaluated_neighbors": 297,
      "accepted_moves": 2
    },
    {
      "scenario": "scenario_20_3.json",
      "num_tasks": 20,
      "scenario_seed": 314495646,
      "heft_makespan": 0.86894815180045,
      "residual_bestof64_makespan": 0.843683723477027,
      "local_search_makespan": 0.8414564346398306,
      "residual_bestof64_ratio": 0.9709252752640357,
      "local_search_ratio": 0.9683620741885958,
      "improvement_makespan": 0.0022272888371964727,
      "evaluated_neighbors": 152,
      "accepted_moves": 1
    },
    {
      "scenario": "scenario_20_4.json",
      "num_tasks": 20,
      "scenario_seed": 314495647,
      "heft_makespan": 0.8359221176853918,