{
  "method": "Residual Best-of-64 + precedence-preserving relocation local search",
  "config_path": "training/configs/ppo_mlp_residual.yaml",
  "model_path": "training/checkpoints/ppo_mlp_residual",
  "sampling_seed": 1362660425,
  "num_samples": 64,
  "max_passes": 3,
  "scenario_count": 20,
  "elapsed_seconds": 27.07354999999984,
  "overall": {
    "residual_bestof64_mean_ratio": 0.9510685285485193,
    "local_search_mean_ratio": 0.9390916969679342,
    "paired_mean_difference_local_minus_base": -0.011976831580585101,
    "residual_bestof64_better_than_heft_count": 18,
    "local_search_better_than_heft_count": 20,
    "improved_scenario_count": 14
  },
  "by_task_size": {
    "10": {
      "count": 5,
      "residual_bestof64_mean_ratio": 0.9321496255360635,
      "local_search_mean_ratio": 0.929658619753091
    },
    "15": {
      "count": 5,
      "residual_bestof64_mean_ratio": 0.9390021213746229,
      "local_search_mean_ratio": 0.9344071328677293
    },
    "20": {
      "count": 5,
      "residual_bestof64_mean_ratio": 0.9530585254258985,
      "local_search_mean_ratio": 0.930697341466186
    },
    "25": {
      "count": 5,
      "residual_bestof64_mean_ratio": 0.9800638418574925,
      "local_search_mean_ratio": 0.9616036937847307
    }
  },
  "scenarios": [
    {
      "scenario": "scenario_10_0.json",
      "num_tasks": 10,
      "scenario_seed": 1362660425,
      "heft_makespan": 0.4552284363452672,
      "residual_bestof64_makespan": 0.40950068117154836,
      "local_search_makespan": 0.40950068117154836,
      "residual_bestof64_ratio": 0.89954987095965,
      "local_search_ratio": 0.89954987095965,
      "improvement_makespan": 0.0,
      "evaluated_neighbors": 36,
      "accepted_moves": 0
    },
    {
      "scenario": "scenario_10_1.json",
      "num_tasks": 10,
      "scenario_seed": 1362660426,
      "heft_makespan": 0.5088156337709009,
      "residual_bestof64_makespan": 0.46775171885799394,
      "local_search_makespan": 0.46775171885799394,
      "residual_bestof64_ratio": 0.9192950998604804,
      "local_search_ratio": 0.9192950998604804,
      "improvement_makespan": 0.0,
      "evaluated_neighbors": 32,
      "accepted_moves": 0
    },
    {
      "scenario": "scenario_10_2.json",
      "num_tasks": 10,
      "scenario_seed": 1362660427,
      "heft_makespan": 0.5084000846273409,
      "residual_bestof64_makespan": 0.4597851682917591,
      "local_search_makespan": 0.4597851682917591,
      "residual_bestof64_ratio": 0.9043766556978119,
      "local_search_ratio": 0.9043766556978119,
      "improvement_makespan": 0.0,
      "evaluated_neighbors": 36,
      "accepted_moves": 0
    },
    {
      "scenario": "scenario_10_3.json",
      "num_tasks": 10,
      "scenario_seed": 1362660428,
      "heft_makespan": 0.3575317979596756,
      "residual_bestof64_makespan": 0.36099760897861227,
      "local_search_makespan": 0.3565445400970419,
      "residual_bestof64_ratio": 1.0096937140660356,
      "local_search_ratio": 0.9972386851511734,
      "improvement_makespan": 0.004453068881570377,
      "evaluated_neighbors": 63,
      "accepted_moves": 1
    },
    {
      "scenario": "scenario_10_4.json",
      "num_tasks": 10,
      "scenario_seed": 1362660429,
      "heft_makespan": 0.3707058369601609,
      "residual_bestof64_makespan": 0.34395302989962745,
      "local_search_makespan": 0.34395302989962745,
      "residual_bestof64_ratio": 0.9278327870963399,
      "local_search_ratio": 0.9278327870963399,
      "improvement_makespan": 0.0,
      "evaluated_neighbors": 40,
      "accepted_moves": 0
    },
    {
      "scenario": "scenario_15_0.json",
      "num_tasks": 15,
      "scenario_seed": 1362660430,
      "heft_makespan": 0.6054409838212004,
      "residual_bestof64_makespan": 0.5673612949638751,
      "local_search_makespan": 0.5673612949638751,
      "residual_bestof64_ratio": 0.9371042101957026,
      "local_search_ratio": 0.9371042101957026,
      "improvement_makespan": 0.0,
      "evaluated_neighbors": 70,
      "accepted_moves": 0
    },
    {
      "scenario": "scenario_15_1.json",
      "num_tasks": 15,
      "scenario_seed": 1362660431,
      "heft_makespan": 0.6167576868599802,
      "residual_bestof64_makespan": 0.54554948767857,
      "local_search_makespan": 0.5416053515489331,
      "residual_bestof64_ratio": 0.884544285870285,
      "local_search_ratio": 0.8781493333408447,
      "improvement_makespan": 0.003944136129636955,
      "evaluated_neighbors": 224,
      "accepted_moves": 2
    },
    {
      "scenario": "scenario_15_2.json",
      "num_tasks": 15,
      "scenario_seed": 1362660432,
      "heft_makespan": 0.6294246370418829,
      "residual_bestof64_makespan": 0.5939649511056824,
      "local_search_makespan": 0.5909071824568383,
      "residual_bestof64_ratio": 0.9436633333851516,
      "local_search_ratio": 0.938805295633063,
      "improvement_makespan": 0.003057768648844106,
      "evaluated_neighbors": 105,
      "accepted_moves": 1
    },
    {
      "scenario": "scenario_15_3.json",
      "num_tasks": 15,
      "scenario_seed": 1362660433,
      "heft_makespan": 0.6089972186041921,
      "residual_bestof64_makespan": 0.5835249339650379,
      "local_search_makespan": 0.576386297646387,
      "residual_bestof64_ratio": 0.9581733974129863,
      "local_search_ratio": 0.9464514451600476,
      "improvement_makespan": 0.0071386363186508595,
      "evaluated_neighbors": 111,
      "accepted_moves": 1
    },
    {
      "scenario": "scenario_15_4.json",
      "num_tasks": 15,
      "scenario_seed": 1362660434,
      "heft_makespan": 0.5750342951613558,
      "residual_bestof64_makespan": 0.5586604121248372,
      "local_search_makespan": 0.5586604121248372,
      "residual_bestof64_ratio": 0.9715253800089887,
      "local_search_ratio": 0.9715253800089887,
      "improvement_makespan": 0.0,
      "evaluated_neighbors": 63,
      "accepted_moves": 0
    },
    {
      "scenario": "scenario_20_0.json",
      "num_tasks": 20,
      "scenario_seed": 1362660435,
      "heft_makespan": 0.9724235579213067,
      "residual_bestof64_makespan": 0.9161324144876691,
      "local_search_makespan": 0.8964323898897766,
      "residual_bestof64_ratio": 0.9421125259923074,
      "local_search_ratio": 0.9218538388827477,
      "improvement_makespan": 0.01970002459789255,
      "evaluated_neighbors": 165,
      "accepted_moves": 1
    },
    {
      "scenario": "scenario_20_1.json",
      "num_tasks": 20,
      "scenario_seed": 1362660436,
      "heft_makespan": 0.7681376680144106,
      "residual_bestof64_makespan": 0.7346308082154177,
      "local_search_makespan": 0.7163110898626558,
      "residual_bestof64_ratio": 0.9563790955785229,
      "local_search_ratio": 0.9325295707920126,
      "improvement_makespan": 0.018319718352761916,
      "evaluated_neighbors": 226,
      "accepted_moves": 2
    },
    {
      "scenario": "scenario_20_2.json",
      "num_tasks": 20,
      "scenario_seed": 1362660437,
      "heft_makespan": 0.6474996876100765,
      "residual_bestof64_makespan": 0.6229847604703712,
      "local_search_makespan": 0.6146197910056151,
      "residual_bestof64_ratio": 0.9621390903983446,
      "local_search_ratio": 0.94922021240532,
      "improvement_makespan": 0.008364969464756067,
      "evaluated_neighbors": 210,
      "accepted_moves": 1
    },
    {
      "scenario": "scenario_20_3.json",
      "num_tasks": 20,
      "scenario_seed": 1362660438,
      "heft_makespan": 0.86894815180045,
      "residual_bestof64_makespan": 0.8606126199256496,
      "local_search_makespan": 0.8441057612840553,
      "residual_bestof64_ratio": 0.9904073311422215,
      "local_search_ratio": 0.9714109633987694,
      "improvement_makespan": 0.01650685864159429,
      "evaluated_neighbors": 181,
      "accepted_moves": 1
    },
    {
      "scenario": "scenario_20_4.json",
      "num_tasks": 20,
      "scenario_seed": 1362660439,
      "heft_makespan": 0.8359221176853918,