{
  "method": "Residual Best-of-64 + precedence-preserving relocation local search",
  "config_path": "training/configs/ppo_mlp_residual.yaml",
  "model_path": "training/checkpoints/ppo_mlp_residual",
  "sampling_seed": 590657209,
  "num_samples": 64,
  "max_passes": 3,
  "scenario_count": 20,
  "elapsed_seconds": 27.611225900000136,
  "overall": {
    "residual_bestof64_mean_ratio": 0.9568065364198108,
    "local_search_mean_ratio": 0.9399024861216316,
    "paired_mean_difference_local_minus_base": -0.016904050298179145,
    "residual_bestof64_better_than_heft_count": 18,
    "local_search_better_than_heft_count": 19,
    "improved_scenario_count": 14
  },
  "by_task_size": {
    "10": {
      "count": 5,
      "residual_bestof64_mean_ratio": 0.9408764270691347,
      "local_search_mean_ratio": 0.9366827556425783
    },
    "15": {
      "count": 5,
      "residual_bestof64_mean_ratio": 0.9544158409344045,
      "local_search_mean_ratio": 0.9264751631343222
    },
    "20": {
      "count": 5,
      "residual_bestof64_mean_ratio": 0.9491100350064169,
      "local_search_mean_ratio": 0.9378305742436227
    },
    "25": {
      "count": 5,
      "residual_bestof64_mean_ratio": 0.9828238426692876,
      "local_search_mean_ratio": 0.9586214514660039
    }
  },
  "scenarios": [
    {
      "scenario": "scenario_10_0.json",
      "num_tasks": 10,
      "scenario_seed": 590657209,
      "heft_makespan": 0.4552284363452672,
      "residual_bestof64_makespan": 0.4161811871025205,
      "local_search_makespan": 0.40950068117154836,
      "residual_bestof64_ratio": 0.9142249338458914,
      "local_search_ratio": 0.89954987095965,
      "improvement_makespan": 0.006680505930972136,
      "evaluated_neighbors": 68,
      "accepted_moves": 1
    },
    {
      "scenario": "scenario_10_1.json",
      "num_tasks": 10,
      "scenario_seed": 590657210,
      "heft_makespan": 0.5088156337709009,
      "residual_bestof64_makespan": 0.46775171885799394,
      "local_search_makespan": 0.46775171885799394,
      "residual_bestof64_ratio": 0.9192950998604804,
      "local_search_ratio": 0.9192950998604804,
      "improvement_makespan": 0.0,
      "evaluated_neighbors": 32,
      "accepted_moves": 0
    },
    {
      "scenario": "scenario_10_2.json",
      "num_tasks": 10,
      "scenario_seed": 590657211,
      "heft_makespan": 0.5084000846273409,
      "residual_bestof64_makespan": 0.4597851682917591,
      "local_search_makespan": 0.4597851682917591,
      "residual_bestof64_ratio": 0.9043766556978119,
      "local_search_ratio": 0.9043766556978119,
      "improvement_makespan": 0.0,
      "evaluated_neighbors": 37,
      "accepted_moves": 0
    },
    {
      "scenario": "scenario_10_3.json",
      "num_tasks": 10,
      "scenario_seed": 590657212,
      "heft_makespan": 0.3575317979596756,
      "residual_bestof64_makespan": 0.37270769656013786,
      "local_search_makespan": 0.37270769656013786,
      "residual_bestof64_ratio": 1.0424462906154541,
      "local_search_ratio": 1.0424462906154541,
      "improvement_makespan": 0.0,
      "evaluated_neighbors": 36,
      "accepted_moves": 0
    },
    {
      "scenario": "scenario_10_4.json",
      "num_tasks": 10,
      "scenario_seed": 590657213,
      "heft_makespan": 0.3707058369601609,
      "residual_bestof64_makespan": 0.34254670845909807,
      "local_search_makespan": 0.34021374754819755,
      "residual_bestof64_ratio": 0.9240391553260354,
      "local_search_ratio": 0.9177458610794944,
      "improvement_makespan": 0.0023329609109005167,
      "evaluated_neighbors": 72,
      "accepted_moves": 1
    },
    {
      "scenario": "scenario_15_0.json",
      "num_tasks": 15,
      "scenario_seed": 590657214,
      "heft_makespan": 0.6054409838212004,
      "residual_bestof64_makespan": 0.5509432581007044,
      "local_search_makespan": 0.5470259900500766,
      "residual_bestof64_ratio": 0.9099867250866679,
      "local_search_ratio": 0.9035166179163467,
      "improvement_makespan": 0.0039172680506278645,
      "evaluated_neighbors": 171,
      "accepted_moves": 1
    },
    {
      "scenario": "scenario_15_1.json",
      "num_tasks": 15,
      "scenario_seed": 590657215,
      "heft_makespan": 0.6167576868599802,
      "residual_bestof64_makespan": 0.5740311381907794,
      "local_search_makespan": 0.5508668477060006,
      "residual_bestof64_ratio": 0.9307239300303998,
      "local_search_ratio": 0.8931657593285277,
      "improvement_makespan": 0.02316429048477886,
      "evaluated_neighbors": 119,
      "accepted_moves": 1
    },
    {
      "scenario": "scenario_15_2.json",
      "num_tasks": 15,
      "scenario_seed": 590657216,
      "heft_makespan": 0.6294246370418829,
      "residual_bestof64_makespan": 0.6071672272205676,
      "local_search_makespan": 0.562574434453101,
      "residual_bestof64_ratio": 0.9646384832886129,
      "local_search_ratio": 0.8937915698645689,
      "improvement_makespan": 0.04459279276746664,
      "evaluated_neighbors": 172,
      "accepted_moves": 2
    },
    {
      "scenario": "scenario_15_3.json",
      "num_tasks": 15,
      "scenario_seed": 590657217,
      "heft_makespan": 0.6089972186041921,
      "residual_bestof64_makespan": 0.5909565825277887,
      "local_search_makespan": 0.5909565825277887,
      "residual_bestof64_ratio": 0.970376488553179,
      "local_search_ratio": 0.970376488553179,
      "improvement_makespan": 0.0,
      "evaluated_neighbors": 74,
      "accepted_moves": 0
    },
    {
      "scenario": "scenario_15_4.json",
      "num_tasks": 15,
      "scenario_seed": 590657218,
      "heft_makespan": 0.5750342951613558,
      "residual_bestof64_makespan": 0.5729374772917838,
      "local_search_makespan": 0.5586604121248372,
      "residual_bestof64_ratio": 0.9963535777131629,
      "local_search_ratio": 0.9715253800089887,
      "improvement_makespan": 0.014277065166946601,
      "evaluated_neighbors": 120,
      "accepted_moves": 1
    },
    {
      "scenario": "scenario_20_0.json",
      "num_tasks": 20,
      "scenario_seed": 590657219,
      "heft_makespan": 0.9724235579213067,
      "residual_bestof64_makespan": 0.9402981563872684,
      "local_search_makespan": 0.8997992470499775,
      "residual_bestof64_ratio": 0.9669635713035265,
      "local_search_ratio": 0.9253161749530482,
      "improvement_makespan": 0.040498909337290945,
      "evaluated_neighbors": 195,
      "accepted_moves": 1
    },
    {
      "scenario": "scenario_20_1.json",
      "num_tasks": 20,
      "scenario_seed": 590657220,
      "heft_makespan": 0.7681376680144106,
      "residual_bestof64_makespan": 0.717922465255973,
      "local_search_makespan": 0.7163110898626558,
      "residual_bestof64_ratio": 0.9346273397993345,
      "local_search_ratio": 0.9325295707920126,
      "improvement_makespan": 0.0016113753933172381,
      "evaluated_neighbors": 144,
      "accepted_moves": 1
    },
    {
      "scenario": "scenario_20_2.json",
      "num_tasks": 20,
      "scenario_seed": 590657221,
      "heft_makespan": 0.6474996876100765,
      "residual_bestof64_makespan": 0.6293492361983019,
      "local_search_makespan": 0.6293492361983019,
      "residual_bestof64_ratio": 0.9719684012840717,
      "local_search_ratio": 0.9719684012840717,
      "improvement_makespan": 0.0,
      "evaluated_neighbors": 111,
      "accepted_moves": 0
    },
    {
      "scenario": "scenario_20_3.json",
      "num_tasks": 20,
      "scenario_seed": 590657222,
      "heft_makespan": 0.86894815180045,
      "residual_bestof64_makespan": 0.8457403924079916,
      "local_search_makespan": 0.8347463400801782,
      "residual_bestof64_ratio": 0.9732921241107744,
      "local_search_ratio": 0.9606399856546032,
      "improvement_makespan": 0.010994052327813364,
      "evaluated_neighbors": 163,
      "accepted_moves": 1
    },
    {
      "scenario": "scenario_20_4.json",
      "num_tasks": 20,
      "scenario_seed": 590657223,
      "heft_makespan": 0.8359221176853918,