{
  "method": "Residual Best-of-64 + precedence-preserving relocation local search",
  "config_path": "training/configs/ppo_mlp_residual.yaml",
  "model_path": "training/checkpoints/ppo_mlp_residual",
  "sampling_seed": 1230227119,
  "num_samples": 64,
  "max_passes": 3,
  "scenario_count": 20,
  "elapsed_seconds": 26.943250000000262,
  "overall": {
    "residual_bestof64_mean_ratio": 0.95074802125597,
    "local_search_mean_ratio": 0.9331113537943206,
    "paired_mean_difference_local_minus_base": -0.017636667461649262,
    "residual_bestof64_better_than_heft_count": 18,
    "local_search_better_than_heft_count": 18,
    "improved_scenario_count": 14
  },
  "by_task_size": {
    "10": {
      "count": 5,
      "residual_bestof64_mean_ratio": 0.9483159245107948,
      "local_search_mean_ratio": 0.9284428600587435
    },
    "15": {
      "count": 5,
      "residual_bestof64_mean_ratio": 0.933262619117019,
      "local_search_mean_ratio": 0.9244193087418019
    },
    "20": {
      "count": 5,
      "residual_bestof64_mean_ratio": 0.9418502905261354,
      "local_search_mean_ratio": 0.9220292070318392
    },
    "25": {
      "count": 5,
      "residual_bestof64_mean_ratio": 0.9795632508699308,
      "local_search_mean_ratio": 0.9575540393448982
    }
  },
  "scenarios": [
    {
      "scenario": "scenario_10_0.json",
      "num_tasks": 10,
      "scenario_seed": 1230227119,
      "heft_makespan": 0.4552284363452672,
      "residual_bestof64_makespan": 0.4095006811715483,
      "local_search_makespan": 0.39074550726016205,
      "residual_bestof64_ratio": 0.8995498709596499,
      "local_search_ratio": 0.8583503930404773,
      "improvement_makespan": 0.018755173911386258,
      "evaluated_neighbors": 72,
      "accepted_moves": 1
    },
    {
      "scenario": "scenario_10_1.json",
      "num_tasks": 10,
      "scenario_seed": 1230227120,
      "heft_makespan": 0.5088156337709009,
      "residual_bestof64_makespan": 0.46775171885799394,
      "local_search_makespan": 0.46775171885799394,
      "residual_bestof64_ratio": 0.9192950998604804,
      "local_search_ratio": 0.9192950998604804,
      "improvement_makespan": 0.0,
      "evaluated_neighbors": 32,
      "accepted_moves": 0
    },
    {
      "scenario": "scenario_10_2.json",
      "num_tasks": 10,
      "scenario_seed": 1230227121,
      "heft_makespan": 0.5084000846273409,
      "residual_bestof64_makespan": 0.4597851682917591,
      "local_search_makespan": 0.4597851682917591,
      "residual_bestof64_ratio": 0.9043766556978119,
      "local_search_ratio": 0.9043766556978119,
      "improvement_makespan": 0.0,
      "evaluated_neighbors": 33,
      "accepted_moves": 0
    },
    {
      "scenario": "scenario_10_3.json",
      "num_tasks": 10,
      "scenario_seed": 1230227122,
      "heft_makespan": 0.3575317979596756,
      "residual_bestof64_makespan": 0.3912537826601929,
      "local_search_makespan": 0.37270769656013786,
      "residual_bestof64_ratio": 1.0943188407099964,
      "local_search_ratio": 1.0424462906154541,
      "improvement_makespan": 0.018546086100055037,
      "evaluated_neighbors": 75,
      "accepted_moves": 1
    },
    {
      "scenario": "scenario_10_4.json",
      "num_tasks": 10,
      "scenario_seed": 1230227123,
      "heft_makespan": 0.3707058369601609,
      "residual_bestof64_makespan": 0.34254670845909807,
      "local_search_makespan": 0.34021374754819755,
      "residual_bestof64_ratio": 0.9240391553260354,
      "local_search_ratio": 0.9177458610794944,
      "improvement_makespan": 0.0023329609109005167,
      "evaluated_neighbors": 76,
      "accepted_moves": 1
    },
    {
      "scenario": "scenario_15_0.json",
      "num_tasks": 15,
      "scenario_seed": 1230227124,
      "heft_makespan": 0.6054409838212004,
      "residual_bestof64_makespan": 0.5573567523049086,
      "local_search_makespan": 0.5479692868368253,
      "residual_bestof64_ratio": 0.9205798206576447,
      "local_search_ratio": 0.9050746505106968,
      "improvement_makespan": 0.009387465468083223,
      "evaluated_neighbors": 166,
      "accepted_moves": 1
    },
    {
      "scenario": "scenario_15_1.json",
      "num_tasks": 15,
      "scenario_seed": 1230227125,
      "heft_makespan": 0.6167576868599802,
      "residual_bestof64_makespan": 0.5512401153785063,
      "local_search_makespan": 0.5407220679141304,
      "residual_bestof64_ratio": 0.8937709689277887,
      "local_search_ratio": 0.8767171928850043,
      "improvement_makespan": 0.010518047464375901,
      "evaluated_neighbors": 128,
      "accepted_moves": 1
    },
    {
      "scenario": "scenario_15_2.json",
      "num_tasks": 15,
      "scenario_seed": 1230227126,
      "heft_makespan": 0.6294246370418829,
      "residual_bestof64_makespan": 0.5787872423556616,
      "local_search_makespan": 0.5787872423556616,
      "residual_bestof64_ratio": 0.9195497098362678,
      "local_search_ratio": 0.9195497098362678,
      "improvement_makespan": 0.0,
      "evaluated_neighbors": 50,
      "accepted_moves": 0
    },
    {
      "scenario": "scenario_15_3.json",
      "num_tasks": 15,
      "scenario_seed": 1230227127,
      "heft_makespan": 0.6089972186041921,
      "residual_bestof64_makespan": 0.5763862976463869,
      "local_search_makespan": 0.5763862976463869,
      "residual_bestof64_ratio": 0.9464514451600474,
      "local_search_ratio": 0.9464514451600474,
      "improvement_makespan": 0.0,
      "evaluated_neighbors": 70,
      "accepted_moves": 0
    },
    {
      "scenario": "scenario_15_4.json",
      "num_tasks": 15,
      "scenario_seed": 1230227128,
      "heft_makespan": 0.5750342951613558,
      "residual_bestof64_makespan": 0.5669614755236885,
      "local_search_makespan": 0.5602579524545673,
      "residual_bestof64_ratio": 0.9859611510033465,
      "local_search_ratio": 0.9743035453169933,
      "improvement_makespan": 0.006703523069121142,
      "evaluated_neighbors": 112,
      "accepted_moves": 1
    },
    {
      "scenario": "scenario_20_0.json",
      "num_tasks": 20,
      "scenario_seed": 1230227129,
      "heft_makespan": 0.9724235579213067,
      "residual_bestof64_makespan": 0.8907447070226022,
      "local_search_makespan": 0.8673341131478474,
      "residual_bestof64_ratio": 0.9160048620445759,
      "local_search_ratio": 0.8919303795990885,
      "improvement_makespan": 0.02341059387475486,
      "evaluated_neighbors": 206,
      "accepted_moves": 1
    },
    {
      "scenario": "scenario_20_1.json",
      "num_tasks": 20,
      "scenario_seed": 1230227130,
      "heft_makespan": 0.7681376680144106,
      "residual_bestof64_makespan": 0.7295422157088987,
      "local_search_makespan": 0.7055708892970586,
      "residual_bestof64_ratio": 0.9497545115769691,
      "local_search_ratio": 0.9185474410087408,
      "improvement_makespan": 0.023971326411840077,
      "evaluated_neighbors": 253,
      "accepted_moves": 2
    },
    {
      "scenario": "scenario_20_2.json",
      "num_tasks": 20,
      "scenario_seed": 1230227131,
      "heft_makespan": 0.6474996876100765,
      "residual_bestof64_makespan": 0.6229847604703712,
      "local_search_makespan": 0.6200186501634528,
      "residual_bestof64_ratio": 0.9621390903983446,
      "local_search_ratio": 0.9575582228494097,
      "improvement_makespan": 0.0029661103069184014,
      "evaluated_neighbors": 294,
      "accepted_moves": 2
    },
    {
      "scenario": "scenario_20_3.json",
      "num_tasks": 20,
      "scenario_seed": 1230227132,
      "heft_makespan": 0.86894815180045,
      "residual_bestof64_makespan": 0.8538755944627533,
      "local_search_makespan": 0.8197754648277142,
      "residual_bestof64_ratio": 0.9826542500764095,
      "local_search_ratio": 0.943411253167579,
      "improvement_makespan": 0.034100129635039056,
      "evaluated_neighbors": 256,
      "accepted_moves": 3
    },
    {
      "scenario": "scenario_20_4.json",
      "num_tasks": 20,
      "scenario_seed": 1230227133,