{
  "method": "Residual Best-of-64 + precedence-preserving relocation local search",
  "config_path": "training/configs/ppo_mlp_residual.yaml",
  "model_path": "training/checkpoints/ppo_mlp_residual",
  "sampling_seed": 2021778252,
  "num_samples": 64,
  "max_passes": 3,
  "scenario_count": 20,
  "elapsed_seconds": 25.83646039999985,
  "overall": {
    "residual_bestof64_mean_ratio": 0.9475205664265219,
    "local_search_mean_ratio": 0.9349070293340166,
    "paired_mean_difference_local_minus_base": -0.012613537092505256,
    "residual_bestof64_better_than_heft_count": 19,
    "local_search_better_than_heft_count": 19,
    "improved_scenario_count": 9
  },
  "by_task_size": {
    "10": {
      "count": 5,
      "residual_bestof64_mean_ratio": 0.9285505398424603,
      "local_search_mean_ratio": 0.9199536019356529
    },
    "15": {
      "count": 5,
      "residual_bestof64_mean_ratio": 0.9416092837652572,
      "local_search_mean_ratio": 0.922569456649968
    },
    "20": {
      "count": 5,
      "residual_bestof64_mean_ratio": 0.9469198209618774,
      "local_search_mean_ratio": 0.9384872069049081
    },
    "25": {
      "count": 5,
      "residual_bestof64_mean_ratio": 0.9730026211364926,
      "local_search_mean_ratio": 0.9586178518455377
    }
  },
  "scenarios": [
    {
      "scenario": "scenario_10_0.json",
      "num_tasks": 10,
      "scenario_seed": 2021778252,
      "heft_makespan": 0.4552284363452672,
      "residual_bestof64_makespan": 0.4103133602635284,
      "local_search_makespan": 0.39074550726016205,
      "residual_bestof64_ratio": 0.9013350825745141,
      "local_search_ratio": 0.8583503930404773,
      "improvement_makespan": 0.01956785300336633,
      "evaluated_neighbors": 56,
      "accepted_moves": 1
    },
    {
      "scenario": "scenario_10_1.json",
      "num_tasks": 10,
      "scenario_seed": 2021778253,
      "heft_makespan": 0.5088156337709009,
      "residual_bestof64_makespan": 0.46775171885799394,
      "local_search_makespan": 0.46775171885799394,
      "residual_bestof64_ratio": 0.9192950998604804,
      "local_search_ratio": 0.9192950998604804,
      "improvement_makespan": 0.0,
      "evaluated_neighbors": 34,
      "accepted_moves": 0
    },
    {
      "scenario": "scenario_10_2.json",
      "num_tasks": 10,
      "scenario_seed": 2021778254,
      "heft_makespan": 0.5084000846273409,
      "residual_bestof64_makespan": 0.4597851682917591,
      "local_search_makespan": 0.4597851682917591,
      "residual_bestof64_ratio": 0.9043766556978119,
      "local_search_ratio": 0.9043766556978119,
      "improvement_makespan": 0.0,
      "evaluated_neighbors": 39,
      "accepted_moves": 0
    },
    {
      "scenario": "scenario_10_3.json",
      "num_tasks": 10,
      "scenario_seed": 2021778255,
      "heft_makespan": 0.3575317979596756,
      "residual_bestof64_makespan": 0.3575317979596756,
      "local_search_makespan": 0.3575317979596756,
      "residual_bestof64_ratio": 1.0,
      "local_search_ratio": 1.0,
      "improvement_makespan": 0.0,
      "evaluated_neighbors": 35,
      "accepted_moves": 0
    },
    {
      "scenario": "scenario_10_4.json",
      "num_tasks": 10,
      "scenario_seed": 2021778256,
      "heft_makespan": 0.3707058369601609,
      "residual_bestof64_makespan": 0.34021374754819755,
      "local_search_makespan": 0.34021374754819755,
      "residual_bestof64_ratio": 0.9177458610794944,
      "local_search_ratio": 0.9177458610794944,
      "improvement_makespan": 0.0,
      "evaluated_neighbors": 34,
      "accepted_moves": 0
    },
    {
      "scenario": "scenario_15_0.json",
      "num_tasks": 15,
      "scenario_seed": 2021778257,
      "heft_makespan": 0.6054409838212004,
      "residual_bestof64_makespan": 0.5673612949638751,
      "local_search_makespan": 0.5502433011775532,
      "residual_bestof64_ratio": 0.9371042101957026,
      "local_search_ratio": 0.9088306141826232,
      "improvement_makespan": 0.01711799378632195,
      "evaluated_neighbors": 167,
      "accepted_moves": 1
    },
    {
      "scenario": "scenario_15_1.json",
      "num_tasks": 15,
      "scenario_seed": 2021778258,
      "heft_makespan": 0.6167576868599802,
      "residual_bestof64_makespan": 0.5512401153785063,
      "local_search_makespan": 0.5407220679141304,
      "residual_bestof64_ratio": 0.8937709689277887,
      "local_search_ratio": 0.8767171928850043,
      "improvement_makespan": 0.010518047464375901,
      "evaluated_neighbors": 136,
      "accepted_moves": 1
    },
    {
      "scenario": "scenario_15_2.json",
      "num_tasks": 15,
      "scenario_seed": 2021778259,
      "heft_makespan": 0.6294246370418829,
      "residual_bestof64_makespan": 0.5939649511056824,
      "local_search_makespan": 0.562574434453101,
      "residual_bestof64_ratio": 0.9436633333851516,
      "local_search_ratio": 0.8937915698645689,
      "improvement_makespan": 0.03139051665258141,
      "evaluated_neighbors": 105,
      "accepted_moves": 1
    },
    {
      "scenario": "scenario_15_3.json",
      "num_tasks": 15,
      "scenario_seed": 2021778260,
      "heft_makespan": 0.6089972186041921,
      "residual_bestof64_makespan": 0.5909565825277887,
      "local_search_makespan": 0.5909565825277887,
      "residual_bestof64_ratio": 0.970376488553179,
      "local_search_ratio": 0.970376488553179,
      "improvement_makespan": 0.0,
      "evaluated_neighbors": 75,
      "accepted_moves": 0
    },
    {
      "scenario": "scenario_15_4.json",
      "num_tasks": 15,
      "scenario_seed": 2021778261,
      "heft_makespan": 0.5750342951613558,
      "residual_bestof64_makespan": 0.5538335959619461,
      "local_search_makespan": 0.5538335959619461,
      "residual_bestof64_ratio": 0.9631314177644644,
      "local_search_ratio": 0.9631314177644644,
      "improvement_makespan": 0.0,
      "evaluated_neighbors": 51,
      "accepted_moves": 0
    },
    {
      "scenario": "scenario_20_0.json",
      "num_tasks": 20,
      "scenario_seed": 2021778262,
      "heft_makespan": 0.9724235579213067,
      "residual_bestof64_makespan": 0.9093341490786446,
      "local_search_makespan": 0.9093341490786446,
      "residual_bestof64_ratio": 0.9351214721931206,
      "local_search_ratio": 0.9351214721931206,
      "improvement_makespan": 0.0,
      "evaluated_neighbors": 76,
      "accepted_moves": 0
    },
    {
      "scenario": "scenario_20_1.json",
      "num_tasks": 20,
      "scenario_seed": 2021778263,
      "heft_makespan": 0.7681376680144106,
      "residual_bestof64_makespan": 0.7236991652921673,
      "local_search_makespan": 0.7236991652921673,
      "residual_bestof64_ratio": 0.9421477365676986,
      "local_search_ratio": 0.9421477365676986,
      "improvement_makespan": 0.0,
      "evaluated_neighbors": 70,
      "accepted_moves": 0
    },
    {
      "scenario": "scenario_20_2.json",
      "num_tasks": 20,
      "scenario_seed": 2021778264,
      "heft_makespan": 0.6474996876100765,
      "residual_bestof64_makespan": 0.6306330468223843,
      "local_search_makespan": 0.6278487189318345,
      "residual_bestof64_ratio": 0.9739511213511979,
      "local_search_ratio": 0.9696509989822948,
      "improvement_makespan": 0.0027843278905498314,
      "evaluated_neighbors": 220,
      "accepted_moves": 1
    },
    {
      "scenario": "scenario_20_3.json",
      "num_tasks": 20,
      "scenario_seed": 2021778265,
      "heft_makespan": 0.86894815180045,
      "residual_bestof64_makespan": 0.855635897538633,
      "local_search_makespan": 0.822734958925357,
      "residual_bestof64_ratio": 0.9846800361629929,
      "local_search_ratio": 0.9468170882470491,
      "improvement_makespan": 0.03290093861327603,
      "evaluated_neighbors": 158,
      "accepted_moves": 1
    },
    {
      "scenario": "scenario_20_4.json",
      "num_tasks": 20,
      "scenario_seed": 2021778266,
      "heft_makespan": 0.8359221176853918,
      "residual_bestof64_makespan": 0.7512421526768472,