{
  "config_path": "training/configs/ppo_mlp_residual.yaml",
  "model_path": "training/checkpoints/ppo_mlp_residual",
  "scenario_count": 20,
  "num_samples": 16,
  "sampling_deterministic_fallback": true,
  "sampling_seed": 899661321,
  "hybrid": {
    "enabled": true,
    "task_threshold": 15,
    "milp_timeout_seconds": 10.0,
    "requires_proven_optimal": true
  },
  "overall": {
    "mean_ratio": 0.9632348662197421,
    "std_ratio": 0.03708225111697859,
    "hybrid_mean_ratio": 0.9561403141453357,
    "hybrid_std_ratio": 0.04526637509780147
  },
  "by_task_size": {
    "10": {
      "count": 5,
      "mean_ratio": 0.9410647431830508,
      "std_ratio": 0.036645112696123514,
      "hybrid_mean_ratio": 0.9126865348854251,
      "hybrid_std_ratio": 0.04665169859934785
    },
    "15": {
      "count": 5,
      "mean_ratio": 0.945955870009277,
      "std_ratio": 0.038555251616157624,
      "hybrid_mean_ratio": 0.945955870009277,
      "hybrid_std_ratio": 0.038555251616157624
    },
    "20": {
      "count": 5,
      "mean_ratio": 0.9734642759374672,
      "std_ratio": 0.021151603594747048,
      "hybrid_mean_ratio": 0.9734642759374672,
      "hybrid_std_ratio": 0.021151603594747048
    },
    "25": {
      "count": 5,
      "mean_ratio": 0.9924545757491735,
      "std_ratio": 0.021796812418878337,
      "hybrid_mean_ratio": 0.9924545757491735,
      "hybrid_std_ratio": 0.021796812418878337
    }
  },
  "scenarios": [
    {
      "scenario": "scenario_10_0.json",
      "num_tasks": 10,
      "heft_makespan": 0.4552284363452672,
      "rl_makespan": 0.4297927565029087,
      "ratio": 0.9441254591945859,
      "hybrid_makespan": 0.3907455113200658,
      "hybrid_ratio": 0.8583504019588653,
      "hybrid_selected_method": "milp_optimal",
      "hybrid_reason": "milp_proven_optimal",
      "hybrid_milp_status": "optimal",
      "hybrid_milp_proven_optimal": true,
      "hybrid_milp_makespan": 0.3907455113200658,
      "hybrid_milp_best_bound": 0.3907455113200658,
      "hybrid_milp_solve_time_seconds": 1.7732792999995581,
      "hybrid_milp_error": null
    },
    {
      "scenario": "scenario_10_1.json",
      "num_tasks": 10,
      "heft_makespan": 0.5088156337709009,
      "rl_makespan": 0.46775171885799394,
      "ratio": 0.9192950998604804,
      "hybrid_makespan": 0.45955866745099877,
      "hybrid_ratio": 0.9031928992534052,
      "hybrid_selected_method": "milp_optimal",
      "hybrid_reason": "milp_proven_optimal",
      "hybrid_milp_status": "optimal",
      "hybrid_milp_proven_optimal": true,
      "hybrid_milp_makespan": 0.45955866745099877,
      "hybrid_milp_best_bound": 0.45955866745099877,
      "hybrid_milp_solve_time_seconds": 1.6294181000002936,
      "hybrid_milp_error": null
    },
    {
      "scenario": "scenario_10_2.json",
      "num_tasks": 10,
      "heft_makespan": 0.5084000846273409,
      "rl_makespan": 0.4597851682917591,
      "ratio": 0.9043766556978119,
      "hybrid_makespan": 0.4509024842469219,
      "hybrid_ratio": 0.886904817447926,
      "hybrid_selected_method": "milp_optimal",
      "hybrid_reason": "milp_proven_optimal",
      "hybrid_milp_status": "optimal",
      "hybrid_milp_proven_optimal": true,
      "hybrid_milp_makespan": 0.4509024842469219,
      "hybrid_milp_best_bound": 0.4509024842469219,
      "hybrid_milp_solve_time_seconds": 2.8248616000000766,
      "hybrid_milp_error": null
    },
    {
      "scenario": "scenario_10_3.json",
      "num_tasks": 10,
      "heft_makespan": 0.3575317979596756,
      "rl_makespan": 0.36099760897861227,
      "ratio": 1.0096937140660356,
      "hybrid_makespan": 0.356544541233769,
      "hybrid_ratio": 0.9972386883305469,
      "hybrid_selected_method": "milp_optimal",
      "hybrid_reason": "milp_proven_optimal",
      "hybrid_milp_status": "optimal",
      "hybrid_milp_proven_optimal": true,
      "hybrid_milp_makespan": 0.356544541233769,
      "hybrid_milp_best_bound": 0.356544541233769,
      "hybrid_milp_solve_time_seconds": 0.4850613999997222,
      "hybrid_milp_error": null
    },
    {
      "scenario": "scenario_10_4.json",
      "num_tasks": 10,
      "heft_makespan": 0.3707058369601609,
      "rl_makespan": 0.34395302989962745,
      "ratio": 0.9278327870963399,
      "hybrid_makespan": 0.3402137499047329,
      "hybrid_ratio": 0.9177458674363821,
      "hybrid_selected_method": "milp_optimal",
      "hybrid_reason": "milp_proven_optimal",
      "hybrid_milp_status": "optimal",
      "hybrid_milp_proven_optimal": true,
      "hybrid_milp_makespan": 0.3402137499047329,
      "hybrid_milp_best_bound": 0.3402137499047329,
      "hybrid_milp_solve_time_seconds": 4.748198199999933,
      "hybrid_milp_error": null
    },
    {
      "scenario": "scenario_15_0.json",
      "num_tasks": 15,
      "heft_makespan": 0.6054409838212004,
      "rl_makespan": 0.543775177468526,
      "ratio": 0.8981472876786855,
      "hybrid_makespan": 0.543775177468526,
      "hybrid_ratio": 0.8981472876786855,
      "hybrid_selected_method": "residual_fallback",
      "hybrid_reason": "milp_not_proven_optimal",
      "hybrid_milp_status": "feasible_not_proven_optimal",
      "hybrid_milp_proven_optimal": false,
      "hybrid_milp_makespan": 0.5464461998199125,
      "hybrid_milp_best_bound": 0.2138435,
      "hybrid_milp_solve_time_seconds": 10.065340900000592,
      "hybrid_milp_error": null
    },
    {
      "scenario": "scenario_15_1.json",
      "num_tasks": 15,
      "heft_makespan": 0.6167576868599802,
      "rl_makespan": 0.5560730670460561,
      "ratio": 0.9016070312428857,
      "hybrid_makespan": 0.5560730670460561,
      "hybrid_ratio": 0.9016070312428857,
      "hybrid_selected_method": "residual_fallback",
      "hybrid_reason": "milp_not_proven_optimal",
      "hybrid_milp_status": "feasible_not_proven_optimal",
      "hybrid_milp_proven_optimal": false,
      "hybrid_milp_makespan": 0.5416053480961509,
      "hybrid_milp_best_bound": 0.24724261,
      "hybrid_milp_solve_time_seconds": 10.05267989999993,
      "hybrid_milp_error": null
    },
    {
      "scenario": "scenario_15_2.json",
      "num_tasks": 15,
      "heft_makespan": 0.6294246370418829,
      "rl_makespan": 0.608802050765109,
      "ratio": 0.9672358133712493,
      "hybrid_makespan": 0.608802050765109,
      "hybrid_ratio": 0.9672358133712493,
      "hybrid_selected_method": "residual_fallback",
      "hybrid_reason": "milp_not_proven_optimal",
      "hybrid_milp_status": "feasible_not_proven_optimal",
      "hybrid_milp_proven_optimal": false,
      "hybrid_milp_makespan": 0.5735260220667302,
      "hybrid_milp_best_bound": 0.21090923,
      "hybrid_milp_solve_time_seconds": 10.058986699999878,
      "hybrid_milp_error": null
    },
    {
      "scenario": "scenario_15_3.json",
      "num_tasks": 15,
      "heft_makespan": 0.6089972186041921,
      "rl_makespan": 0.5913463126673694,
      "ratio": 0.9710164424440588,
      "hybrid_makespan": 0.5913463126673694,
      "hybrid_ratio": 0.9710164424440588,
      "hybrid_selected_method": "residual_fallback",
      "hybrid_reason": "milp_not_proven_optimal",
      "hybrid_milp_status": "feasible_not_proven_optimal",
      "hybrid_milp_proven_optimal": false,
      "hybrid_milp_makespan": 0.5849171093554997,
      "hybrid_milp_best_bound": 0.22110823,
      "hybrid_milp_solve_time_seconds": 10.056030500000816,
      "hybrid_milp_error": null
    },
    {
      "scenario": "scenario_15_4.json",
      "num_tasks": 15,
      "heft_makespan": 0.5750342951613558,
      "rl_makespan": 0.5703033588103232,
      "ratio": 0.9917727753095055,
      "hybrid_makespan": 0.5703033588103232,
      "hybrid_ratio": 0.9917727753095055,
      "hybrid_selected_method": "residual_fallback",
      "hybrid_reason": "milp_not_proven_optimal",
      "hybrid_milp_status": "feasible_not_proven_optimal",
      "hybrid_milp_proven_optimal": false,
      "hybrid_milp_makespan": 0.5538335933876205,
      "hybrid_milp_best_bound": 0.25088943,