{
  "config_path": "training/configs/ppo_mlp_residual.yaml",
  "model_path": "training/checkpoints/ppo_mlp_residual",
  "scenario_count": 20,
  "num_samples": 16,
  "sampling_deterministic_fallback": true,
  "sampling_seed": 1383495036,
  "hybrid": {
    "enabled": true,
    "task_threshold": 15,
    "milp_timeout_seconds": 10.0,
    "requires_proven_optimal": true
  },
  "overall": {
    "mean_ratio": 0.9679785556980169,
    "std_ratio": 0.04577344400261331,
    "hybrid_mean_ratio": 0.9557755595568492,
    "hybrid_std_ratio": 0.040562043088930314
  },
  "by_task_size": {
    "10": {
      "count": 5,
      "mean_ratio": 0.9614985194500957,
      "std_ratio": 0.07997287392568335,
      "hybrid_mean_ratio": 0.9126865348854251,
      "hybrid_std_ratio": 0.04665169859934785
    },
    "15": {
      "count": 5,
      "mean_ratio": 0.9626441098099763,
      "std_ratio": 0.023099709348279412,
      "hybrid_mean_ratio": 0.9626441098099763,
      "hybrid_std_ratio": 0.023099709348279412
    },
    "20": {
      "count": 5,
      "mean_ratio": 0.9593041530464343,
      "std_ratio": 0.022834275515477946,
      "hybrid_mean_ratio": 0.9593041530464343,
      "hybrid_std_ratio": 0.022834275515477946
    },
    "25": {
      "count": 5,
      "mean_ratio": 0.9884674404855611,
      "std_ratio": 0.019096716610733647,
      "hybrid_mean_ratio": 0.9884674404855611,
      "hybrid_std_ratio": 0.019096716610733647
    }
  },
  "scenarios": [
    {
      "scenario": "scenario_10_0.json",
      "num_tasks": 10,
      "heft_makespan": 0.4552284363452672,
      "rl_makespan": 0.40950068117154836,
      "ratio": 0.89954987095965,
      "hybrid_makespan": 0.3907455113200658,
      "hybrid_ratio": 0.8583504019588653,
      "hybrid_selected_method": "milp_optimal",
      "hybrid_reason": "milp_proven_optimal",
      "hybrid_milp_status": "optimal",
      "hybrid_milp_proven_optimal": true,
      "hybrid_milp_makespan": 0.3907455113200658,
      "hybrid_milp_best_bound": 0.3907455113200658,
      "hybrid_milp_solve_time_seconds": 1.794224199999917,
      "hybrid_milp_error": null
    },
    {
      "scenario": "scenario_10_1.json",
      "num_tasks": 10,
      "heft_makespan": 0.5088156337709009,
      "rl_makespan": 0.46775171885799394,
      "ratio": 0.9192950998604804,
      "hybrid_makespan": 0.45955866745099877,
      "hybrid_ratio": 0.9031928992534052,
      "hybrid_selected_method": "milp_optimal",
      "hybrid_reason": "milp_proven_optimal",
      "hybrid_milp_status": "optimal",
      "hybrid_milp_proven_optimal": true,
      "hybrid_milp_makespan": 0.45955866745099877,
      "hybrid_milp_best_bound": 0.45955866745099877,
      "hybrid_milp_solve_time_seconds": 1.5480758000003334,
      "hybrid_milp_error": null
    },
    {
      "scenario": "scenario_10_2.json",
      "num_tasks": 10,
      "heft_makespan": 0.5084000846273409,
      "rl_makespan": 0.4787728669898848,
      "ratio": 0.9417246012868528,
      "hybrid_makespan": 0.4509024842469219,
      "hybrid_ratio": 0.886904817447926,
      "hybrid_selected_method": "milp_optimal",
      "hybrid_reason": "milp_proven_optimal",
      "hybrid_milp_status": "optimal",
      "hybrid_milp_proven_optimal": true,
      "hybrid_milp_makespan": 0.4509024842469219,
      "hybrid_milp_best_bound": 0.4509024842469219,
      "hybrid_milp_solve_time_seconds": 2.6980561000000307,
      "hybrid_milp_error": null
    },
    {
      "scenario": "scenario_10_3.json",
      "num_tasks": 10,
      "heft_makespan": 0.3575317979596756,
      "rl_makespan": 0.400110344888121,
      "ratio": 1.1190902380471557,
      "hybrid_makespan": 0.356544541233769,
      "hybrid_ratio": 0.9972386883305469,
      "hybrid_selected_method": "milp_optimal",
      "hybrid_reason": "milp_proven_optimal",
      "hybrid_milp_status": "optimal",
      "hybrid_milp_proven_optimal": true,
      "hybrid_milp_makespan": 0.356544541233769,
      "hybrid_milp_best_bound": 0.356544541233769,
      "hybrid_milp_solve_time_seconds": 0.5070058000001154,
      "hybrid_milp_error": null
    },
    {
      "scenario": "scenario_10_4.json",
      "num_tasks": 10,
      "heft_makespan": 0.3707058369601609,
      "rl_makespan": 0.34395302989962745,
      "ratio": 0.9278327870963399,
      "hybrid_makespan": 0.3402137499047329,
      "hybrid_ratio": 0.9177458674363821,
      "hybrid_selected_method": "milp_optimal",
      "hybrid_reason": "milp_proven_optimal",
      "hybrid_milp_status": "optimal",
      "hybrid_milp_proven_optimal": true,
      "hybrid_milp_makespan": 0.3402137499047329,
      "hybrid_milp_best_bound": 0.3402137499047329,
      "hybrid_milp_solve_time_seconds": 4.724998700000469,
      "hybrid_milp_error": null
    },
    {
      "scenario": "scenario_15_0.json",
      "num_tasks": 15,
      "heft_makespan": 0.6054409838212004,
      "rl_makespan": 0.5703333547416207,
      "ratio": 0.9420131275917263,
      "hybrid_makespan": 0.5703333547416207,
      "hybrid_ratio": 0.9420131275917263,
      "hybrid_selected_method": "residual_fallback",
      "hybrid_reason": "milp_not_proven_optimal",
      "hybrid_milp_status": "feasible_not_proven_optimal",
      "hybrid_milp_proven_optimal": false,
      "hybrid_milp_makespan": 0.5464461998199125,
      "hybrid_milp_best_bound": 0.2138435,
      "hybrid_milp_solve_time_seconds": 10.06676890000017,
      "hybrid_milp_error": null
    },
    {
      "scenario": "scenario_15_1.json",
      "num_tasks": 15,
      "heft_makespan": 0.6167576868599802,
      "rl_makespan": 0.5740321112117355,
      "ratio": 0.9307255076693604,
      "hybrid_makespan": 0.5740321112117355,
      "hybrid_ratio": 0.9307255076693604,
      "hybrid_selected_method": "residual_fallback",
      "hybrid_reason": "milp_not_proven_optimal",
      "hybrid_milp_status": "feasible_not_proven_optimal",
      "hybrid_milp_proven_optimal": false,
      "hybrid_milp_makespan": 0.5416053480961509,
      "hybrid_milp_best_bound": 0.24724261,
      "hybrid_milp_solve_time_seconds": 10.049117800000204,
      "hybrid_milp_error": null
    },
    {
      "scenario": "scenario_15_2.json",
      "num_tasks": 15,
      "heft_makespan": 0.6294246370418829,
      "rl_makespan": 0.6089857106987008,
      "ratio": 0.9675276035599126,
      "hybrid_makespan": 0.6089857106987008,
      "hybrid_ratio": 0.9675276035599126,
      "hybrid_selected_method": "residual_fallback",
      "hybrid_reason": "milp_not_proven_optimal",
      "hybrid_milp_status": "feasible_not_proven_optimal",
      "hybrid_milp_proven_optimal": false,
      "hybrid_milp_makespan": 0.5735260220667302,
      "hybrid_milp_best_bound": 0.21090923,
      "hybrid_milp_solve_time_seconds": 10.057189799999833,
      "hybrid_milp_error": null
    },
    {
      "scenario": "scenario_15_3.json",
      "num_tasks": 15,
      "heft_makespan": 0.6089972186041921,
      "rl_makespan": 0.597325683477117,
      "ratio": 0.9808348301592805,
      "hybrid_makespan": 0.597325683477117,
      "hybrid_ratio": 0.9808348301592805,
      "hybrid_selected_method": "residual_fallback",
      "hybrid_reason": "milp_not_proven_optimal",
      "hybrid_milp_status": "feasible_not_proven_optimal",
      "hybrid_milp_proven_optimal": false,
      "hybrid_milp_makespan": 0.5849171093554997,
      "hybrid_milp_best_bound": 0.22110823,
      "hybrid_milp_solve_time_seconds": 10.062974499999655,
      "hybrid_milp_error": null
    },
    {
      "scenario": "scenario_15_4.json",
      "num_tasks": 15,
      "heft_makespan": 0.5750342951613558,
      "rl_makespan": 0.5705027259376741,
      "ratio": 0.9921194800696015,
      "hybrid_makespan": 0.5705027259376741,
      "hybrid_ratio": 0.9921194800696015,
      "hybrid_selected_method": "residual_fallback",
      "hybrid_reason": "milp_not_proven_optimal",
      "hybrid_milp_status": "feasible_not_proven_optimal",
      "hybrid_milp_proven_optimal": false,
      "hybrid_milp_makespan": 0.5538335933876205,
      "hybrid_milp_best_bound": 0.25088943,