{
  "config_path": "training/configs/ppo_mlp_residual.yaml",
  "model_path": "training/checkpoints/ppo_mlp_residual",
  "scenario_count": 20,
  "num_samples": 16,
  "sampling_deterministic_fallback": true,
  "sampling_seed": 1528210608,
  "hybrid": {
    "enabled": true,
    "task_threshold": 15,
    "milp_timeout_seconds": 10.0,
    "requires_proven_optimal": true
  },
  "overall": {
    "mean_ratio": 0.9655003357722807,
    "std_ratio": 0.042200559155632845,
    "hybrid_mean_ratio": 0.957277713019413,
    "hybrid_std_ratio": 0.041868912355906535
  },
  "by_task_size": {
    "10": {
      "count": 5,
      "mean_ratio": 0.945577025896896,
      "std_ratio": 0.06640647298955309,
      "hybrid_mean_ratio": 0.9126865348854251,
      "hybrid_std_ratio": 0.04665169859934785
    },
    "15": {
      "count": 5,
      "mean_ratio": 0.9599292597178734,
      "std_ratio": 0.02338790302381591,
      "hybrid_mean_ratio": 0.9599292597178734,
      "hybrid_std_ratio": 0.02338790302381591
    },
    "20": {
      "count": 5,
      "mean_ratio": 0.9729945079344802,
      "std_ratio": 0.0344890646825639,
      "hybrid_mean_ratio": 0.9729945079344802,
      "hybrid_std_ratio": 0.0344890646825639
    },
    "25": {
      "count": 5,
      "mean_ratio": 0.9835005495398731,
      "std_ratio": 0.013003616799960985,
      "hybrid_mean_ratio": 0.9835005495398731,
      "hybrid_std_ratio": 0.013003616799960985
    }
  },
  "scenarios": [
    {
      "scenario": "scenario_10_0.json",
      "num_tasks": 10,
      "heft_makespan": 0.4552284363452672,
      "rl_makespan": 0.40950068117154836,
      "ratio": 0.89954987095965,
      "hybrid_makespan": 0.3907455113200658,
      "hybrid_ratio": 0.8583504019588653,
      "hybrid_selected_method": "milp_optimal",
      "hybrid_reason": "milp_proven_optimal",
      "hybrid_milp_status": "optimal",
      "hybrid_milp_proven_optimal": true,
      "hybrid_milp_makespan": 0.3907455113200658,
      "hybrid_milp_best_bound": 0.3907455113200658,
      "hybrid_milp_solve_time_seconds": 1.7969328999997742,
      "hybrid_milp_error": null
    },
    {
      "scenario": "scenario_10_1.json",
      "num_tasks": 10,
      "heft_makespan": 0.5088156337709009,
      "rl_makespan": 0.46775171885799394,
      "ratio": 0.9192950998604804,
      "hybrid_makespan": 0.45955866745099877,
      "hybrid_ratio": 0.9031928992534052,
      "hybrid_selected_method": "milp_optimal",
      "hybrid_reason": "milp_proven_optimal",
      "hybrid_milp_status": "optimal",
      "hybrid_milp_proven_optimal": true,
      "hybrid_milp_makespan": 0.45955866745099877,
      "hybrid_milp_best_bound": 0.45955866745099877,
      "hybrid_milp_solve_time_seconds": 1.5471407000004547,
      "hybrid_milp_error": null
    },
    {
      "scenario": "scenario_10_2.json",
      "num_tasks": 10,
      "heft_makespan": 0.5084000846273409,
      "rl_makespan": 0.4597851682917591,
      "ratio": 0.9043766556978119,
      "hybrid_makespan": 0.4509024842469219,
      "hybrid_ratio": 0.886904817447926,
      "hybrid_selected_method": "milp_optimal",
      "hybrid_reason": "milp_proven_optimal",
      "hybrid_milp_status": "optimal",
      "hybrid_milp_proven_optimal": true,
      "hybrid_milp_makespan": 0.4509024842469219,
      "hybrid_milp_best_bound": 0.4509024842469219,
      "hybrid_milp_solve_time_seconds": 2.679307599999447,
      "hybrid_milp_error": null
    },
    {
      "scenario": "scenario_10_3.json",
      "num_tasks": 10,
      "heft_makespan": 0.3575317979596756,
      "rl_makespan": 0.3850012219432764,
      "ratio": 1.0768307158701977,
      "hybrid_makespan": 0.356544541233769,
      "hybrid_ratio": 0.9972386883305469,
      "hybrid_selected_method": "milp_optimal",
      "hybrid_reason": "milp_proven_optimal",
      "hybrid_milp_status": "optimal",
      "hybrid_milp_proven_optimal": true,
      "hybrid_milp_makespan": 0.356544541233769,
      "hybrid_milp_best_bound": 0.356544541233769,
      "hybrid_milp_solve_time_seconds": 0.4872966999992059,
      "hybrid_milp_error": null
    },
    {
      "scenario": "scenario_10_4.json",
      "num_tasks": 10,
      "heft_makespan": 0.3707058369601609,
      "rl_makespan": 0.34395302989962745,
      "ratio": 0.9278327870963399,
      "hybrid_makespan": 0.3402137499047329,
      "hybrid_ratio": 0.9177458674363821,
      "hybrid_selected_method": "milp_optimal",
      "hybrid_reason": "milp_proven_optimal",
      "hybrid_milp_status": "optimal",
      "hybrid_milp_proven_optimal": true,
      "hybrid_milp_makespan": 0.3402137499047329,
      "hybrid_milp_best_bound": 0.3402137499047329,
      "hybrid_milp_solve_time_seconds": 4.656442700000298,
      "hybrid_milp_error": null
    },
    {
      "scenario": "scenario_15_0.json",
      "num_tasks": 15,
      "heft_makespan": 0.6054409838212004,
      "rl_makespan": 0.5733396856339679,
      "ratio": 0.946978650198691,
      "hybrid_makespan": 0.5733396856339679,
      "hybrid_ratio": 0.946978650198691,
      "hybrid_selected_method": "residual_fallback",
      "hybrid_reason": "milp_not_proven_optimal",
      "hybrid_milp_status": "feasible_not_proven_optimal",
      "hybrid_milp_proven_optimal": false,
      "hybrid_milp_makespan": 0.5464461998199125,
      "hybrid_milp_best_bound": 0.2138435,
      "hybrid_milp_solve_time_seconds": 10.067268599999807,
      "hybrid_milp_error": null
    },
    {
      "scenario": "scenario_15_1.json",
      "num_tasks": 15,
      "heft_makespan": 0.6167576868599802,
      "rl_makespan": 0.5692277900789071,
      "ratio": 0.9229358663966459,
      "hybrid_makespan": 0.5692277900789071,
      "hybrid_ratio": 0.9229358663966459,
      "hybrid_selected_method": "residual_fallback",
      "hybrid_reason": "milp_not_proven_optimal",
      "hybrid_milp_status": "feasible_not_proven_optimal",
      "hybrid_milp_proven_optimal": false,
      "hybrid_milp_makespan": 0.5416053480961509,
      "hybrid_milp_best_bound": 0.24724261,
      "hybrid_milp_solve_time_seconds": 10.054730900000322,
      "hybrid_milp_error": null
    },
    {
      "scenario": "scenario_15_2.json",
      "num_tasks": 15,
      "heft_makespan": 0.6294246370418829,
      "rl_makespan": 0.608802050765109,
      "ratio": 0.9672358133712493,
      "hybrid_makespan": 0.608802050765109,
      "hybrid_ratio": 0.9672358133712493,
      "hybrid_selected_method": "residual_fallback",
      "hybrid_reason": "milp_not_proven_optimal",
      "hybrid_milp_status": "feasible_not_proven_optimal",
      "hybrid_milp_proven_optimal": false,
      "hybrid_milp_makespan": 0.5735260220667302,
      "hybrid_milp_best_bound": 0.21090923,
      "hybrid_milp_solve_time_seconds": 10.068179199999577,
      "hybrid_milp_error": null
    },
    {
      "scenario": "scenario_15_3.json",
      "num_tasks": 15,
      "heft_makespan": 0.6089972186041921,
      "rl_makespan": 0.5909565825277887,
      "ratio": 0.970376488553179,
      "hybrid_makespan": 0.5909565825277887,
      "hybrid_ratio": 0.970376488553179,
      "hybrid_selected_method": "residual_fallback",
      "hybrid_reason": "milp_not_proven_optimal",
      "hybrid_milp_status": "feasible_not_proven_optimal",
      "hybrid_milp_proven_optimal": false,
      "hybrid_milp_makespan": 0.5849171093554997,
      "hybrid_milp_best_bound": 0.22110823,
      "hybrid_milp_solve_time_seconds": 10.066424199999346,
      "hybrid_milp_error": null
    },
    {
      "scenario": "scenario_15_4.json",
      "num_tasks": 15,
      "heft_makespan": 0.5750342951613558,
      "rl_makespan": 0.5705027259376741,
      "ratio": 0.9921194800696015,
      "hybrid_makespan": 0.5705027259376741,
      "hybrid_ratio": 0.9921194800696015,
      "hybrid_selected_method": "residual_fallback",
      "hybrid_reason": "milp_not_proven_optimal",
      "hybrid_milp_status": "feasible_not_proven_optimal",
      "hybrid_milp_proven_optimal": false,
      "hybrid_milp_makespan": 0.5538335933876205,
      "hybrid_milp_best_bound": 0.25088943,