{
  "config_path": "training/configs/ppo_mlp_residual.yaml",
  "model_path": "training/checkpoints/ppo_mlp_residual",
  "scenario_count": 20,
  "num_samples": 16,
  "sampling_deterministic_fallback": true,
  "sampling_seed": 1580188249,
  "hybrid": {
    "enabled": true,
    "task_threshold": 15,
    "milp_timeout_seconds": 10.0,
    "requires_proven_optimal": true
  },
  "overall": {
    "mean_ratio": 0.9744043309167001,
    "std_ratio": 0.04506601115781362,
    "hybrid_mean_ratio": 0.960736869139477,
    "hybrid_std_ratio": 0.0476400373142544
  },
  "by_task_size": {
    "10": {
      "count": 5,
      "mean_ratio": 0.967356381994318,
      "std_ratio": 0.06506984343697965,
      "hybrid_mean_ratio": 0.9126865348854251,
      "hybrid_std_ratio": 0.04665169859934785
    },
    "15": {
      "count": 5,
      "mean_ratio": 0.958197825983959,
      "std_ratio": 0.030843487414993414,
      "hybrid_mean_ratio": 0.958197825983959,
      "hybrid_std_ratio": 0.030843487414993414
    },
    "20": {
      "count": 5,
      "mean_ratio": 0.9799801776236073,
      "std_ratio": 0.03869706076352087,
      "hybrid_mean_ratio": 0.9799801776236073,
      "hybrid_std_ratio": 0.03869706076352087
    },
    "25": {
      "count": 5,
      "mean_ratio": 0.9920829380649163,
      "std_ratio": 0.028017246309904174,
      "hybrid_mean_ratio": 0.9920829380649163,
      "hybrid_std_ratio": 0.028017246309904174
    }
  },
  "scenarios": [
    {
      "scenario": "scenario_10_0.json",
      "num_tasks": 10,
      "heft_makespan": 0.4552284363452672,
      "rl_makespan": 0.4378725110011038,
      "ratio": 0.9618742504675173,
      "hybrid_makespan": 0.3907455113200658,
      "hybrid_ratio": 0.8583504019588653,
      "hybrid_selected_method": "milp_optimal",
      "hybrid_reason": "milp_proven_optimal",
      "hybrid_milp_status": "optimal",
      "hybrid_milp_proven_optimal": true,
      "hybrid_milp_makespan": 0.3907455113200658,
      "hybrid_milp_best_bound": 0.3907455113200658,
      "hybrid_milp_solve_time_seconds": 1.7945213000002695,
      "hybrid_milp_error": null
    },
    {
      "scenario": "scenario_10_1.json",
      "num_tasks": 10,
      "heft_makespan": 0.5088156337709009,
      "rl_makespan": 0.46775171885799394,
      "ratio": 0.9192950998604804,
      "hybrid_makespan": 0.45955866745099877,
      "hybrid_ratio": 0.9031928992534052,
      "hybrid_selected_method": "milp_optimal",
      "hybrid_reason": "milp_proven_optimal",
      "hybrid_milp_status": "optimal",
      "hybrid_milp_proven_optimal": true,
      "hybrid_milp_makespan": 0.45955866745099877,
      "hybrid_milp_best_bound": 0.45955866745099877,
      "hybrid_milp_solve_time_seconds": 1.5564249999997628,
      "hybrid_milp_error": null
    },
    {
      "scenario": "scenario_10_2.json",
      "num_tasks": 10,
      "heft_makespan": 0.5084000846273409,
      "rl_makespan": 0.47457161674237713,
      "ratio": 0.9334609318372554,
      "hybrid_makespan": 0.4509024842469219,
      "hybrid_ratio": 0.886904817447926,
      "hybrid_selected_method": "milp_optimal",
      "hybrid_reason": "milp_proven_optimal",
      "hybrid_milp_status": "optimal",
      "hybrid_milp_proven_optimal": true,
      "hybrid_milp_makespan": 0.4509024842469219,
      "hybrid_milp_best_bound": 0.4509024842469219,
      "hybrid_milp_solve_time_seconds": 2.685559999999896,
      "hybrid_milp_error": null
    },
    {
      "scenario": "scenario_10_3.json",
      "num_tasks": 10,
      "heft_makespan": 0.3575317979596756,
      "rl_makespan": 0.3912537826601929,
      "ratio": 1.0943188407099964,
      "hybrid_makespan": 0.356544541233769,
      "hybrid_ratio": 0.9972386883305469,
      "hybrid_selected_method": "milp_optimal",
      "hybrid_reason": "milp_proven_optimal",
      "hybrid_milp_status": "optimal",
      "hybrid_milp_proven_optimal": true,
      "hybrid_milp_makespan": 0.356544541233769,
      "hybrid_milp_best_bound": 0.356544541233769,
      "hybrid_milp_solve_time_seconds": 0.48732339999969554,
      "hybrid_milp_error": null
    },
    {
      "scenario": "scenario_10_4.json",
      "num_tasks": 10,
      "heft_makespan": 0.3707058369601609,
      "rl_makespan": 0.34395302989962745,
      "ratio": 0.9278327870963399,
      "hybrid_makespan": 0.3402137499047329,
      "hybrid_ratio": 0.9177458674363821,
      "hybrid_selected_method": "milp_optimal",
      "hybrid_reason": "milp_proven_optimal",
      "hybrid_milp_status": "optimal",
      "hybrid_milp_proven_optimal": true,
      "hybrid_milp_makespan": 0.3402137499047329,
      "hybrid_milp_best_bound": 0.3402137499047329,
      "hybrid_milp_solve_time_seconds": 4.5904521000002205,
      "hybrid_milp_error": null
    },
    {
      "scenario": "scenario_15_0.json",
      "num_tasks": 15,
      "heft_makespan": 0.6054409838212004,
      "rl_makespan": 0.5733396856339679,
      "ratio": 0.946978650198691,
      "hybrid_makespan": 0.5733396856339679,
      "hybrid_ratio": 0.946978650198691,
      "hybrid_selected_method": "residual_fallback",
      "hybrid_reason": "milp_not_proven_optimal",
      "hybrid_milp_status": "feasible_not_proven_optimal",
      "hybrid_milp_proven_optimal": false,
      "hybrid_milp_makespan": 0.5464461998199125,
      "hybrid_milp_best_bound": 0.2138435,
      "hybrid_milp_solve_time_seconds": 10.072070899999744,
      "hybrid_milp_error": null
    },
    {
      "scenario": "scenario_15_1.json",
      "num_tasks": 15,
      "heft_makespan": 0.6167576868599802,
      "rl_makespan": 0.5576578470733953,
      "ratio": 0.9041765655366657,
      "hybrid_makespan": 0.5576578470733953,
      "hybrid_ratio": 0.9041765655366657,
      "hybrid_selected_method": "residual_fallback",
      "hybrid_reason": "milp_not_proven_optimal",
      "hybrid_milp_status": "feasible_not_proven_optimal",
      "hybrid_milp_proven_optimal": false,
      "hybrid_milp_makespan": 0.5416053480961509,
      "hybrid_milp_best_bound": 0.24724261,
      "hybrid_milp_solve_time_seconds": 10.045354699999734,
      "hybrid_milp_error": null
    },
    {
      "scenario": "scenario_15_2.json",
      "num_tasks": 15,
      "heft_makespan": 0.6294246370418829,
      "rl_makespan": 0.6255427149544359,
      "ratio": 0.993832586366986,
      "hybrid_makespan": 0.6255427149544359,
      "hybrid_ratio": 0.993832586366986,
      "hybrid_selected_method": "residual_fallback",
      "hybrid_reason": "milp_not_proven_optimal",
      "hybrid_milp_status": "feasible_not_proven_optimal",
      "hybrid_milp_proven_optimal": false,
      "hybrid_milp_makespan": 0.5735260220667302,
      "hybrid_milp_best_bound": 0.21090923,
      "hybrid_milp_solve_time_seconds": 10.066265399999793,
      "hybrid_milp_error": null
    },
    {
      "scenario": "scenario_15_3.json",
      "num_tasks": 15,
      "heft_makespan": 0.6089972186041921,
      "rl_makespan": 0.5934531418120381,
      "ratio": 0.9744759478084635,
      "hybrid_makespan": 0.5934531418120381,
      "hybrid_ratio": 0.9744759478084635,
      "hybrid_selected_method": "residual_fallback",
      "hybrid_reason": "milp_not_proven_optimal",
      "hybrid_milp_status": "feasible_not_proven_optimal",
      "hybrid_milp_proven_optimal": false,
      "hybrid_milp_makespan": 0.5849171093554997,
      "hybrid_milp_best_bound": 0.22110823,
      "hybrid_milp_solve_time_seconds": 10.060161699999298,
      "hybrid_milp_error": null
    },
    {
      "scenario": "scenario_15_4.json",
      "num_tasks": 15,
      "heft_makespan": 0.5750342951613558,
      "rl_makespan": 0.5586604121248372,
      "ratio": 0.9715253800089887,
      "hybrid_makespan": 0.5586604121248372,
      "hybrid_ratio": 0.9715253800089887,
      "hybrid_selected_method": "residual_fallback",
      "hybrid_reason": "milp_not_proven_optimal",
      "hybrid_milp_status": "feasible_not_proven_optimal",
      "hybrid_milp_proven_optimal": false,
      "hybrid_milp_makespan": 0.5538335933876205,
      "hybrid_milp_best_bound": 0.25088943,