{
  "method": "Residual Best-of-64 + local search + destroy-repair LNS",
  "config_path": "training\\configs\\ppo_mlp_residual.yaml",
  "model_path": "training\\checkpoints\\ppo_mlp_residual",
  "sampling_seed": 1117038938,
  "num_samples": 64,
  "local_max_passes": 3,
  "lns_iterations": 64,
  "scenario_count": 20,
  "elapsed_seconds": 54.006264999999985,
  "overall": {
    "residual_bestof64_mean_ratio": 0.9489605850342011,
    "local_search_mean_ratio": 0.9378888860239043,
    "lns_mean_ratio": 0.9223601970324745,
    "paired_mean_difference_lns_minus_residual": -0.026600388001726438,
    "paired_mean_difference_lns_minus_local": -0.01552868899142969,
    "residual_bestof64_better_than_heft_count": 19,
    "local_search_better_than_heft_count": 19,
    "lns_better_than_heft_count": 20,
    "improved_scenario_count": 15
  },
  "scenarios": [
    {
      "scenario": "scenario_10_0.json",
      "num_tasks": 10,
      "scenario_seed": 1117038938,
      "heft_makespan": 0.4552284363452672,
      "residual_bestof64_makespan": 0.39074550726016205,
      "local_search_makespan": 0.39074550726016205,
      "lns_makespan": 0.39074550726016205,
      "residual_bestof64_ratio": 0.8583503930404773,
      "local_search_ratio": 0.8583503930404773,
      "lns_ratio": 0.8583503930404773,
      "accepted_repairs": 0,
      "evaluated_neighbors": 2114
    },
    {
      "scenario": "scenario_10_1.json",
      "num_tasks": 10,
      "scenario_seed": 1117038939,
      "heft_makespan": 0.5088156337709009,
      "residual_bestof64_makespan": 0.46775171885799394,
      "local_search_makespan": 0.46775171885799394,
      "lns_makespan": 0.45955866969472786,
      "residual_bestof64_ratio": 0.9192950998604804,
      "local_search_ratio": 0.9192950998604804,
      "lns_ratio": 0.9031929036631146,
      "accepted_repairs": 1,
      "evaluated_neighbors": 2166
    },
    {
      "scenario": "scenario_10_2.json",
      "num_tasks": 10,
      "scenario_seed": 1117038940,
      "heft_makespan": 0.5084000846273409,
      "residual_bestof64_makespan": 0.47457161674237713,
      "local_search_makespan": 0.47457161674237713,
      "lns_makespan": 0.4597851682917591,
      "residual_bestof64_ratio": 0.9334609318372554,
      "local_search_ratio": 0.9334609318372554,
      "lns_ratio": 0.9043766556978119,
      "accepted_repairs": 1,
      "evaluated_neighbors": 2142
    },
    {
      "scenario": "scenario_10_3.json",
      "num_tasks": 10,
      "scenario_seed": 1117038941,
      "heft_makespan": 0.3575317979596756,
      "residual_bestof64_makespan": 0.3565445400970419,
      "local_search_makespan": 0.3565445400970419,
      "lns_makespan": 0.3565445400970419,
      "residual_bestof64_ratio": 0.9972386851511734,
      "local_search_ratio": 0.9972386851511734,
      "lns_ratio": 0.9972386851511734,
      "accepted_repairs": 0,
      "evaluated_neighbors": 2085
    },
    {
      "scenario": "scenario_10_4.json",
      "num_tasks": 10,
      "scenario_seed": 1117038942,
      "heft_makespan": 0.3707058369601609,
      "residual_bestof64_makespan": 0.34395302989962745,
      "local_search_makespan": 0.34395302989962745,
      "lns_makespan": 0.34021374754819755,
      "residual_bestof64_ratio": 0.9278327870963399,
      "local_search_ratio": 0.9278327870963399,
      "lns_ratio": 0.9177458610794944,
      "accepted_repairs": 1,
      "evaluated_neighbors": 2229
    },
    {
      "scenario": "scenario_15_0.json",
      "num_tasks": 15,
      "scenario_seed": 1117038943,
      "heft_makespan": 0.6054409838212004,
      "residual_bestof64_makespan": 0.5725384108789036,
      "local_search_makespan": 0.5541740226328171,
      "lns_makespan": 0.5442830016751596,
      "residual_bestof64_ratio": 0.9456551937818375,
      "local_search_ratio": 0.9153229421886585,
      "lns_ratio": 0.8989860551559523,
      "accepted_repairs": 4,
      "evaluated_neighbors": 5166
    },
    {
      "scenario": "scenario_15_1.json",
      "num_tasks": 15,
      "scenario_seed": 1117038944,
      "heft_makespan": 0.6167576868599802,
      "residual_bestof64_makespan": 0.5642231345076814,
      "local_search_makespan": 0.5292325394728098,
      "lns_makespan": 0.5292325394728098,
      "residual_bestof64_ratio": 0.9148214064104149,
      "local_search_ratio": 0.858088274776475,
      "lns_ratio": 0.858088274776475,
      "accepted_repairs": 0,
      "evaluated_neighbors": 4091
    },
    {
      "scenario": "scenario_15_2.json",
      "num_tasks": 15,
      "scenario_seed": 1117038945,
      "heft_makespan": 0.6294246370418829,
      "residual_bestof64_makespan": 0.5939649511056824,
      "local_search_makespan": 0.562574434453101,
      "lns_makespan": 0.562574434453101,
      "residual_bestof64_ratio": 0.9436633333851516,
      "local_search_ratio": 0.8937915698645689,
      "lns_ratio": 0.8937915698645689,
      "accepted_repairs": 0,
      "evaluated_neighbors": 3507
    },
    {
      "scenario": "scenario_15_3.json",
      "num_tasks": 15,
      "scenario_seed": 1117038946,
      "heft_makespan": 0.6089972186041921,
      "residual_bestof64_makespan": 0.5909565825277887,
      "local_search_makespan": 0.5909565825277887,
      "lns_makespan": 0.576386297646387,
      "residual_bestof64_ratio": 0.970376488553179,
      "local_search_ratio": 0.970376488553179,
      "lns_ratio": 0.9464514451600476,
      "accepted_repairs": 3,
      "evaluated_neighbors": 3985
    },
    {
      "scenario": "scenario_15_4.json",
      "num_tasks": 15,
      "scenario_seed": 1117038947,
      "heft_makespan": 0.5750342951613558,
      "residual_bestof64_makespan": 0.5683307720922347,
      "local_search_makespan": 0.5683307720922347,
      "lns_makespan": 0.5527697194668807,
      "residual_bestof64_ratio": 0.9883423943136468,
      "local_search_ratio": 0.9883423943136468,
      "lns_ratio": 0.9612813081205397,
      "accepted_repairs": 3,
      "evaluated_neighbors": 3629
    },
    {
      "scenario": "scenario_20_0.json",
      "num_tasks": 20,
      "scenario_seed": 1117038948,
      "heft_makespan": 0.9724235579213067,
      "residual_bestof64_makespan": 0.9031625468273441,
      "local_search_makespan": 0.9031625468273441,
      "lns_makespan": 0.8647645255230959,
      "residual_bestof64_ratio": 0.9287748527585882,
      "local_search_ratio": 0.9287748527585882,
      "lns_ratio": 0.8892879224066236,
      "accepted_repairs": 4,
      "evaluated_neighbors": 5836
    },
    {
      "scenario": "scenario_20_1.json",
      "num_tasks": 20,
      "scenario_seed": 1117038949,
      "heft_makespan": 0.7681376680144106,
      "residual_bestof64_makespan": 0.7236991652921673,
      "local_search_makespan": 0.7236991652921673,
      "lns_makespan": 0.6913793192087447,
      "residual_bestof64_ratio": 0.9421477365676986,
      "local_search_ratio": 0.9421477365676986,
      "lns_ratio": 0.900072145916133,
      "accepted_repairs": 5,
      "evaluated_neighbors": 5228
    },
    {
      "scenario": "scenario_20_2.json",
      "num_tasks": 20,
      "scenario_seed": 1117038950,
      "heft_makespan": 0.6474996876100765,
      "residual_bestof64_makespan": 0.6311530833417367,
      "local_search_makespan": 0.6235800249363979,
      "lns_makespan": 0.6110201383196321,
      "residual_bestof64_ratio": 0.9747542669423129,
      "local_search_ratio": 0.9630584182025381,
      "lns_ratio": 0.9436609005556581,
      "accepted_repairs": 4,
      "evaluated_neighbors": 6333
    },
    {
      "scenario": "scenario_20_3.json",
      "num_tasks": 20,
      "scenario_seed": 1117038951,
      "heft_makespan": 0.86894815180045,
      "residual_bestof64_makespan": 0.843683723477027,
      "local_search_makespan": 0.8283741158245205,
      "lns_makespan": 0.8282087316449207,
      "residual_bestof64_ratio": 0.9709252752640357,
      "local_search_ratio": 0.9533067238915686,
      "lns_ratio": 0.9531163970242439,
      "accepted_repairs": 1,
      "evaluated_neighbors": 5214
    },
    {
      "scenario": "scenario_20_4.json",