{
  "method": "Residual Best-of-64 + local search + destroy-repair LNS",
  "config_path": "training\\configs\\ppo_mlp_residual.yaml",
  "model_path": "training\\checkpoints\\ppo_mlp_residual",
  "sampling_seed": 1565812275,
  "num_samples": 64,
  "local_max_passes": 3,
  "lns_iterations": 64,
  "scenario_count": 20,
  "elapsed_seconds": 52.5633257999998,
  "overall": {
    "residual_bestof64_mean_ratio": 0.9495328217987289,
    "local_search_mean_ratio": 0.9329780280518143,
    "lns_mean_ratio": 0.9214895105328006,
    "paired_mean_difference_lns_minus_residual": -0.0280433112659283,
    "paired_mean_difference_lns_minus_local": -0.01148851751901373,
    "residual_bestof64_better_than_heft_count": 18,
    "local_search_better_than_heft_count": 20,
    "lns_better_than_heft_count": 20,
    "improved_scenario_count": 13
  },
  "scenarios": [
    {
      "scenario": "scenario_10_0.json",
      "num_tasks": 10,
      "scenario_seed": 1565812275,
      "heft_makespan": 0.4552284363452672,
      "residual_bestof64_makespan": 0.4103133602635284,
      "local_search_makespan": 0.39074550726016205,
      "lns_makespan": 0.39074550726016205,
      "residual_bestof64_ratio": 0.9013350825745141,
      "local_search_ratio": 0.8583503930404773,
      "lns_ratio": 0.8583503930404773,
      "accepted_repairs": 0,
      "evaluated_neighbors": 1979
    },
    {
      "scenario": "scenario_10_1.json",
      "num_tasks": 10,
      "scenario_seed": 1565812276,
      "heft_makespan": 0.5088156337709009,
      "residual_bestof64_makespan": 0.45955866969472786,
      "local_search_makespan": 0.45955866969472786,
      "lns_makespan": 0.45955866969472786,
      "residual_bestof64_ratio": 0.9031929036631146,
      "local_search_ratio": 0.9031929036631146,
      "lns_ratio": 0.9031929036631146,
      "accepted_repairs": 0,
      "evaluated_neighbors": 2121
    },
    {
      "scenario": "scenario_10_2.json",
      "num_tasks": 10,
      "scenario_seed": 1565812277,
      "heft_makespan": 0.5084000846273409,
      "residual_bestof64_makespan": 0.45090248323965565,
      "local_search_makespan": 0.45090248323965565,
      "lns_makespan": 0.45090248323965565,
      "residual_bestof64_ratio": 0.8869048154666788,
      "local_search_ratio": 0.8869048154666788,
      "lns_ratio": 0.8869048154666788,
      "accepted_repairs": 0,
      "evaluated_neighbors": 2327
    },
    {
      "scenario": "scenario_10_3.json",
      "num_tasks": 10,
      "scenario_seed": 1565812278,
      "heft_makespan": 0.3575317979596756,
      "residual_bestof64_makespan": 0.38423585328618093,
      "local_search_makespan": 0.3565445400970419,
      "lns_makespan": 0.3565445400970419,
      "residual_bestof64_ratio": 1.074690014927056,
      "local_search_ratio": 0.9972386851511734,
      "lns_ratio": 0.9972386851511734,
      "accepted_repairs": 0,
      "evaluated_neighbors": 2076
    },
    {
      "scenario": "scenario_10_4.json",
      "num_tasks": 10,
      "scenario_seed": 1565812279,
      "heft_makespan": 0.3707058369601609,
      "residual_bestof64_makespan": 0.34254670845909807,
      "local_search_makespan": 0.34021374754819755,
      "lns_makespan": 0.34021374754819755,
      "residual_bestof64_ratio": 0.9240391553260354,
      "local_search_ratio": 0.9177458610794944,
      "lns_ratio": 0.9177458610794944,
      "accepted_repairs": 0,
      "evaluated_neighbors": 2342
    },
    {
      "scenario": "scenario_15_0.json",
      "num_tasks": 15,
      "scenario_seed": 1565812280,
      "heft_makespan": 0.6054409838212004,
      "residual_bestof64_makespan": 0.570273497797338,
      "local_search_makespan": 0.5484552351508697,
      "lns_makespan": 0.5442830016751596,
      "residual_bestof64_ratio": 0.9419142625563518,
      "local_search_ratio": 0.9058772858245093,
      "lns_ratio": 0.8989860551559523,
      "accepted_repairs": 1,
      "evaluated_neighbors": 5198
    },
    {
      "scenario": "scenario_15_1.json",
      "num_tasks": 15,
      "scenario_seed": 1565812281,
      "heft_makespan": 0.6167576868599802,
      "residual_bestof64_makespan": 0.5495295193867811,
      "local_search_makespan": 0.5300108470289947,
      "lns_makespan": 0.5300108470289947,
      "residual_bestof64_ratio": 0.890997438855656,
      "local_search_ratio": 0.8593502088759872,
      "lns_ratio": 0.8593502088759872,
      "accepted_repairs": 0,
      "evaluated_neighbors": 4006
    },
    {
      "scenario": "scenario_15_2.json",
      "num_tasks": 15,
      "scenario_seed": 1565812282,
      "heft_makespan": 0.6294246370418829,
      "residual_bestof64_makespan": 0.5939649511056825,
      "local_search_makespan": 0.5939649511056825,
      "lns_makespan": 0.5625744344531011,
      "residual_bestof64_ratio": 0.9436633333851517,
      "local_search_ratio": 0.9436633333851517,
      "lns_ratio": 0.893791569864569,
      "accepted_repairs": 4,
      "evaluated_neighbors": 3427
    },
    {
      "scenario": "scenario_15_3.json",
      "num_tasks": 15,
      "scenario_seed": 1565812283,
      "heft_makespan": 0.6089972186041921,
      "residual_bestof64_makespan": 0.5909565825277887,
      "local_search_makespan": 0.5909565825277887,
      "lns_makespan": 0.5725405183427215,
      "residual_bestof64_ratio": 0.970376488553179,
      "local_search_ratio": 0.970376488553179,
      "lns_ratio": 0.9401365077741594,
      "accepted_repairs": 1,
      "evaluated_neighbors": 4668
    },
    {
      "scenario": "scenario_15_4.json",
      "num_tasks": 15,
      "scenario_seed": 1565812284,
      "heft_makespan": 0.5750342951613558,
      "residual_bestof64_makespan": 0.5672872152455007,
      "local_search_makespan": 0.5631032512468613,
      "lns_makespan": 0.5461098811594067,
      "residual_bestof64_ratio": 0.986527621080963,
      "local_search_ratio": 0.9792515959223848,
      "lns_ratio": 0.9496996714016286,
      "accepted_repairs": 3,
      "evaluated_neighbors": 3826
    },
    {
      "scenario": "scenario_20_0.json",
      "num_tasks": 20,
      "scenario_seed": 1565812285,
      "heft_makespan": 0.9724235579213067,
      "residual_bestof64_makespan": 0.8997992470499775,
      "local_search_makespan": 0.8997992470499775,
      "lns_makespan": 0.8775348274651128,
      "residual_bestof64_ratio": 0.9253161749530482,
      "local_search_ratio": 0.9253161749530482,
      "lns_ratio": 0.9024203705440538,
      "accepted_repairs": 3,
      "evaluated_neighbors": 6135
    },
    {
      "scenario": "scenario_20_1.json",
      "num_tasks": 20,
      "scenario_seed": 1565812286,
      "heft_makespan": 0.7681376680144106,
      "residual_bestof64_makespan": 0.7268022871763249,
      "local_search_makespan": 0.7028103216622353,
      "lns_makespan": 0.6878362601040734,
      "residual_bestof64_ratio": 0.9461875356992514,
      "local_search_ratio": 0.9149535961163804,
      "lns_ratio": 0.8954596145272872,
      "accepted_repairs": 3,
      "evaluated_neighbors": 5075
    },
    {
      "scenario": "scenario_20_2.json",
      "num_tasks": 20,
      "scenario_seed": 1565812287,
      "heft_makespan": 0.6474996876100765,
      "residual_bestof64_makespan": 0.6228139554294654,
      "local_search_makespan": 0.6207147321360903,
      "lns_makespan": 0.6143617461386117,
      "residual_bestof64_ratio": 0.9618752987021102,
      "local_search_ratio": 0.9586332534416355,
      "lns_ratio": 0.9488216873219244,
      "accepted_repairs": 3,
      "evaluated_neighbors": 6504
    },
    {
      "scenario": "scenario_20_3.json",
      "num_tasks": 20,
      "scenario_seed": 1565812288,
      "heft_makespan": 0.86894815180045,
      "residual_bestof64_makespan": 0.8347463400801782,
      "local_search_makespan": 0.8347463400801782,
      "lns_makespan": 0.8091035432121814,
      "residual_bestof64_ratio": 0.9606399856546032,
      "local_search_ratio": 0.9606399856546032,
      "lns_ratio": 0.9311298280981767,
      "accepted_repairs": 3,
      "evaluated_neighbors": 5140
    },
    {
      "scenario": "scenario_20_4.json",