{
  "method": "Residual Best-of-64 + local search + destroy-repair LNS",
  "config_path": "training\\configs\\ppo_mlp_residual.yaml",
  "model_path": "training\\checkpoints\\ppo_mlp_residual",
  "sampling_seed": 1760006972,
  "num_samples": 64,
  "local_max_passes": 3,
  "lns_iterations": 64,
  "scenario_count": 20,
  "elapsed_seconds": 52.25972120000006,
  "overall": {
    "residual_bestof64_mean_ratio": 0.9498909102581106,
    "local_search_mean_ratio": 0.9330778943982303,
    "lns_mean_ratio": 0.9184037806976327,
    "paired_mean_difference_lns_minus_residual": -0.03148712956047781,
    "paired_mean_difference_lns_minus_local": -0.014674113700597558,
    "residual_bestof64_better_than_heft_count": 18,
    "local_search_better_than_heft_count": 20,
    "lns_better_than_heft_count": 20,
    "improved_scenario_count": 13
  },
  "scenarios": [
    {
      "scenario": "scenario_10_0.json",
      "num_tasks": 10,
      "scenario_seed": 1760006972,
      "heft_makespan": 0.4552284363452672,
      "residual_bestof64_makespan": 0.39074550726016205,
      "local_search_makespan": 0.39074550726016205,
      "lns_makespan": 0.39074550726016205,
      "residual_bestof64_ratio": 0.8583503930404773,
      "local_search_ratio": 0.8583503930404773,
      "lns_ratio": 0.8583503930404773,
      "accepted_repairs": 0,
      "evaluated_neighbors": 2020
    },
    {
      "scenario": "scenario_10_1.json",
      "num_tasks": 10,
      "scenario_seed": 1760006973,
      "heft_makespan": 0.5088156337709009,
      "residual_bestof64_makespan": 0.46775171885799394,
      "local_search_makespan": 0.46775171885799394,
      "lns_makespan": 0.45955866969472786,
      "residual_bestof64_ratio": 0.9192950998604804,
      "local_search_ratio": 0.9192950998604804,
      "lns_ratio": 0.9031929036631146,
      "accepted_repairs": 3,
      "evaluated_neighbors": 2157
    },
    {
      "scenario": "scenario_10_2.json",
      "num_tasks": 10,
      "scenario_seed": 1760006974,
      "heft_makespan": 0.5084000846273409,
      "residual_bestof64_makespan": 0.47457161674237713,
      "local_search_makespan": 0.47457161674237713,
      "lns_makespan": 0.45899559111126,
      "residual_bestof64_ratio": 0.9334609318372554,
      "local_search_ratio": 0.9334609318372554,
      "lns_ratio": 0.9028235930521243,
      "accepted_repairs": 3,
      "evaluated_neighbors": 2354
    },
    {
      "scenario": "scenario_10_3.json",
      "num_tasks": 10,
      "scenario_seed": 1760006975,
      "heft_makespan": 0.3575317979596756,
      "residual_bestof64_makespan": 0.36099760897861227,
      "local_search_makespan": 0.3565445400970419,
      "lns_makespan": 0.3565445400970419,
      "residual_bestof64_ratio": 1.0096937140660356,
      "local_search_ratio": 0.9972386851511734,
      "lns_ratio": 0.9972386851511734,
      "accepted_repairs": 0,
      "evaluated_neighbors": 2109
    },
    {
      "scenario": "scenario_10_4.json",
      "num_tasks": 10,
      "scenario_seed": 1760006976,
      "heft_makespan": 0.3707058369601609,
      "residual_bestof64_makespan": 0.34254670845909807,
      "local_search_makespan": 0.34254670845909807,
      "lns_makespan": 0.34021374754819755,
      "residual_bestof64_ratio": 0.9240391553260354,
      "local_search_ratio": 0.9240391553260354,
      "lns_ratio": 0.9177458610794944,
      "accepted_repairs": 1,
      "evaluated_neighbors": 2356
    },
    {
      "scenario": "scenario_15_0.json",
      "num_tasks": 15,
      "scenario_seed": 1760006977,
      "heft_makespan": 0.6054409838212004,
      "residual_bestof64_makespan": 0.5673612949638751,
      "local_search_makespan": 0.5673612949638751,
      "lns_makespan": 0.5393520002088429,
      "residual_bestof64_ratio": 0.9371042101957026,
      "local_search_ratio": 0.9371042101957026,
      "lns_ratio": 0.8908415760108586,
      "accepted_repairs": 2,
      "evaluated_neighbors": 5152
    },
    {
      "scenario": "scenario_15_1.json",
      "num_tasks": 15,
      "scenario_seed": 1760006978,
      "heft_makespan": 0.6167576868599802,
      "residual_bestof64_makespan": 0.5665404617090128,
      "local_search_makespan": 0.5300108470289947,
      "lns_makespan": 0.5300108470289947,
      "residual_bestof64_ratio": 0.9185786797297462,
      "local_search_ratio": 0.8593502088759872,
      "lns_ratio": 0.8593502088759872,
      "accepted_repairs": 0,
      "evaluated_neighbors": 4213
    },
    {
      "scenario": "scenario_15_2.json",
      "num_tasks": 15,
      "scenario_seed": 1760006979,
      "heft_makespan": 0.6294246370418829,
      "residual_bestof64_makespan": 0.5939649511056824,
      "local_search_makespan": 0.5625744344531011,
      "lns_makespan": 0.5625744344531011,
      "residual_bestof64_ratio": 0.9436633333851516,
      "local_search_ratio": 0.893791569864569,
      "lns_ratio": 0.893791569864569,
      "accepted_repairs": 0,
      "evaluated_neighbors": 3492
    },
    {
      "scenario": "scenario_15_3.json",
      "num_tasks": 15,
      "scenario_seed": 1760006980,
      "heft_makespan": 0.6089972186041921,
      "residual_bestof64_makespan": 0.5909565825277887,
      "local_search_makespan": 0.5909565825277887,
      "lns_makespan": 0.5681664328984468,
      "residual_bestof64_ratio": 0.970376488553179,
      "local_search_ratio": 0.970376488553179,
      "lns_ratio": 0.9329540686584276,
      "accepted_repairs": 3,
      "evaluated_neighbors": 4674
    },
    {
      "scenario": "scenario_15_4.json",
      "num_tasks": 15,
      "scenario_seed": 1760006981,
      "heft_makespan": 0.5750342951613558,
      "residual_bestof64_makespan": 0.5661418752824788,
      "local_search_makespan": 0.5631032512468613,
      "lns_makespan": 0.5303401662744981,
      "residual_bestof64_ratio": 0.9845358442901535,
      "local_search_ratio": 0.9792515959223848,
      "lns_ratio": 0.9222757159652252,
      "accepted_repairs": 4,
      "evaluated_neighbors": 3753
    },
    {
      "scenario": "scenario_20_0.json",
      "num_tasks": 20,
      "scenario_seed": 1760006982,
      "heft_makespan": 0.9724235579213067,
      "residual_bestof64_makespan": 0.9190780013697897,
      "local_search_makespan": 0.8673341131478474,
      "lns_makespan": 0.8673341131478474,
      "residual_bestof64_ratio": 0.9451416452049447,
      "local_search_ratio": 0.8919303795990885,
      "lns_ratio": 0.8919303795990885,
      "accepted_repairs": 0,
      "evaluated_neighbors": 6227
    },
    {
      "scenario": "scenario_20_1.json",
      "num_tasks": 20,
      "scenario_seed": 1760006983,
      "heft_makespan": 0.7681376680144106,
      "residual_bestof64_makespan": 0.7180393088477288,
      "local_search_makespan": 0.7057850164953632,
      "lns_makespan": 0.6897627117886691,
      "residual_bestof64_ratio": 0.9347794526257474,
      "local_search_ratio": 0.918826202495413,
      "lns_ratio": 0.897967565594933,
      "accepted_repairs": 4,
      "evaluated_neighbors": 5107
    },
    {
      "scenario": "scenario_20_2.json",
      "num_tasks": 20,
      "scenario_seed": 1760006984,
      "heft_makespan": 0.6474996876100765,
      "residual_bestof64_makespan": 0.6200186501634528,
      "local_search_makespan": 0.6200186501634528,
      "lns_makespan": 0.6094611796203424,
      "residual_bestof64_ratio": 0.9575582228494097,
      "local_search_ratio": 0.9575582228494097,
      "lns_ratio": 0.9412532411712284,
      "accepted_repairs": 2,
      "evaluated_neighbors": 6294
    },
    {
      "scenario": "scenario_20_3.json",
      "num_tasks": 20,
      "scenario_seed": 1760006985,
      "heft_makespan": 0.86894815180045,
      "residual_bestof64_makespan": 0.8583275110221198,
      "local_search_makespan": 0.8414564346398306,
      "lns_makespan": 0.8297043158956001,
      "residual_bestof64_ratio": 0.9877775897718127,
      "local_search_ratio": 0.9683620741885958,
      "lns_ratio": 0.9548375402795469,
      "accepted_repairs": 3,
      "evaluated_neighbors": 5050
    },
    {
      "scenario": "scenario_20_4.json",