{
  "method": "Residual Best-of-64 + local search + destroy-repair LNS",
  "config_path": "training/configs/ppo_mlp_residual.yaml",
  "model_path": "training/checkpoints/ppo_mlp_residual",
  "sampling_seed": 842234145,
  "num_samples": 64,
  "local_max_passes": 3,
  "lns_iterations": 64,
  "scenario_count": 20,
  "elapsed_seconds": 49.648273900002096,
  "overall": {
    "residual_bestof64_mean_ratio": 0.9489104936359419,
    "local_search_mean_ratio": 0.935912388845918,
    "lns_mean_ratio": 0.9198372908206908,
    "paired_mean_difference_lns_minus_residual": -0.029073202815251258,
    "paired_mean_difference_lns_minus_local": -0.016075098025227295,
    "residual_bestof64_better_than_heft_count": 19,
    "local_search_better_than_heft_count": 19,
    "lns_better_than_heft_count": 20,
    "improved_scenario_count": 16
  },
  "scenarios": [
    {
      "scenario": "scenario_10_0.json",
      "num_tasks": 10,
      "scenario_seed": 842234145,
      "heft_makespan": 0.4552284363452672,
      "residual_bestof64_makespan": 0.40950068117154836,
      "local_search_makespan": 0.40950068117154836,
      "lns_makespan": 0.39074550726016205,
      "residual_bestof64_ratio": 0.89954987095965,
      "local_search_ratio": 0.89954987095965,
      "lns_ratio": 0.8583503930404773,
      "accepted_repairs": 1,
      "evaluated_neighbors": 2035
    },
    {
      "scenario": "scenario_10_1.json",
      "num_tasks": 10,
      "scenario_seed": 842234146,
      "heft_makespan": 0.5088156337709009,
      "residual_bestof64_makespan": 0.46775171885799394,
      "local_search_makespan": 0.46775171885799394,
      "lns_makespan": 0.45955866969472786,
      "residual_bestof64_ratio": 0.9192950998604804,
      "local_search_ratio": 0.9192950998604804,
      "lns_ratio": 0.9031929036631146,
      "accepted_repairs": 3,
      "evaluated_neighbors": 2131
    },
    {
      "scenario": "scenario_10_2.json",
      "num_tasks": 10,
      "scenario_seed": 842234147,
      "heft_makespan": 0.5084000846273409,
      "residual_bestof64_makespan": 0.47457161674237713,
      "local_search_makespan": 0.47457161674237713,
      "lns_makespan": 0.45090248323965565,
      "residual_bestof64_ratio": 0.9334609318372554,
      "local_search_ratio": 0.9334609318372554,
      "lns_ratio": 0.8869048154666788,
      "accepted_repairs": 2,
      "evaluated_neighbors": 2223
    },
    {
      "scenario": "scenario_10_3.json",
      "num_tasks": 10,
      "scenario_seed": 842234148,
      "heft_makespan": 0.3575317979596756,
      "residual_bestof64_makespan": 0.36099760897861227,
      "local_search_makespan": 0.36099760897861227,
      "lns_makespan": 0.3565445400970419,
      "residual_bestof64_ratio": 1.0096937140660356,
      "local_search_ratio": 1.0096937140660356,
      "lns_ratio": 0.9972386851511734,
      "accepted_repairs": 2,
      "evaluated_neighbors": 2219
    },
    {
      "scenario": "scenario_10_4.json",
      "num_tasks": 10,
      "scenario_seed": 842234149,
      "heft_makespan": 0.3707058369601609,
      "residual_bestof64_makespan": 0.34395302989962745,
      "local_search_makespan": 0.34395302989962745,
      "lns_makespan": 0.34021374754819755,
      "residual_bestof64_ratio": 0.9278327870963399,
      "local_search_ratio": 0.9278327870963399,
      "lns_ratio": 0.9177458610794944,
      "accepted_repairs": 1,
      "evaluated_neighbors": 2210
    },
    {
      "scenario": "scenario_15_0.json",
      "num_tasks": 15,
      "scenario_seed": 842234150,
      "heft_makespan": 0.6054409838212004,
      "residual_bestof64_makespan": 0.5524910654108609,
      "local_search_makespan": 0.5407968991178795,
      "lns_makespan": 0.5397126464452058,
      "residual_bestof64_ratio": 0.9125432208501155,
      "local_search_ratio": 0.8932280991363948,
      "lns_ratio": 0.8914372513053963,
      "accepted_repairs": 1,
      "evaluated_neighbors": 5186
    },
    {
      "scenario": "scenario_15_1.json",
      "num_tasks": 15,
      "scenario_seed": 842234151,
      "heft_makespan": 0.6167576868599802,
      "residual_bestof64_makespan": 0.56451050802827,
      "local_search_makespan": 0.5300108470289947,
      "lns_makespan": 0.5300108470289947,
      "residual_bestof64_ratio": 0.9152873487516472,
      "local_search_ratio": 0.8593502088759872,
      "lns_ratio": 0.8593502088759872,
      "accepted_repairs": 0,
      "evaluated_neighbors": 4081
    },
    {
      "scenario": "scenario_15_2.json",
      "num_tasks": 15,
      "scenario_seed": 842234152,
      "heft_makespan": 0.6294246370418829,
      "residual_bestof64_makespan": 0.5939649511056824,
      "local_search_makespan": 0.562574434453101,
      "lns_makespan": 0.562574434453101,
      "residual_bestof64_ratio": 0.9436633333851516,
      "local_search_ratio": 0.8937915698645689,
      "lns_ratio": 0.8937915698645689,
      "accepted_repairs": 0,
      "evaluated_neighbors": 3769
    },
    {
      "scenario": "scenario_15_3.json",
      "num_tasks": 15,
      "scenario_seed": 842234153,
      "heft_makespan": 0.6089972186041921,
      "residual_bestof64_makespan": 0.5913463126673694,
      "local_search_makespan": 0.5913463126673694,
      "lns_makespan": 0.5766546158968003,
      "residual_bestof64_ratio": 0.9710164424440588,
      "local_search_ratio": 0.9710164424440588,
      "lns_ratio": 0.9468920354324109,
      "accepted_repairs": 4,
      "evaluated_neighbors": 4382
    },
    {
      "scenario": "scenario_15_4.json",
      "num_tasks": 15,
      "scenario_seed": 842234154,
      "heft_makespan": 0.5750342951613558,
      "residual_bestof64_makespan": 0.5538335959619461,
      "local_search_makespan": 0.5538335959619461,
      "lns_makespan": 0.5527697194668807,
      "residual_bestof64_ratio": 0.9631314177644644,
      "local_search_ratio": 0.9631314177644644,
      "lns_ratio": 0.9612813081205397,
      "accepted_repairs": 1,
      "evaluated_neighbors": 3804
    },
    {
      "scenario": "scenario_20_0.json",
      "num_tasks": 20,
      "scenario_seed": 842234155,
      "heft_makespan": 0.9724235579213067,
      "residual_bestof64_makespan": 0.9177595909055861,
      "local_search_makespan": 0.8683952705246759,
      "lns_makespan": 0.8683952705246759,
      "residual_bestof64_ratio": 0.9437858466401486,
      "local_search_ratio": 0.893021629773135,
      "lns_ratio": 0.893021629773135,
      "accepted_repairs": 0,
      "evaluated_neighbors": 5373
    },
    {
      "scenario": "scenario_20_1.json",
      "num_tasks": 20,
      "scenario_seed": 842234156,
      "heft_makespan": 0.7681376680144106,
      "residual_bestof64_makespan": 0.7317479135657802,
      "local_search_makespan": 0.7100869332921375,
      "lns_makespan": 0.6897627117886691,
      "residual_bestof64_ratio": 0.9526259992656059,
      "local_search_ratio": 0.9244266527478976,
      "lns_ratio": 0.897967565594933,
      "accepted_repairs": 3,
      "evaluated_neighbors": 5012
    },
    {
      "scenario": "scenario_20_2.json",
      "num_tasks": 20,
      "scenario_seed": 842234157,
      "heft_makespan": 0.6474996876100765,
      "residual_bestof64_makespan": 0.611025583716353,
      "local_search_makespan": 0.611025583716353,
      "lns_makespan": 0.6109141319068382,
      "residual_bestof64_ratio": 0.9436693104388211,
      "local_search_ratio": 0.9436693104388211,
      "lns_ratio": 0.9434971840090368,
      "accepted_repairs": 1,
      "evaluated_neighbors": 6356
    },
    {
      "scenario": "scenario_20_3.json",
      "num_tasks": 20,
      "scenario_seed": 842234158,
      "heft_makespan": 0.86894815180045,
      "residual_bestof64_makespan": 0.8227989607354677,
      "local_search_makespan": 0.8227989607354677,
      "lns_makespan": 0.8227989607354677,
      "residual_bestof64_ratio": 0.9468907425956752,
      "local_search_ratio": 0.9468907425956752,
      "lns_ratio": 0.9468907425956752,
      "accepted_repairs": 0,
      "evaluated_neighbors": 5141
    },
    {
      "scenario": "scenario_20_4.json",
      "num_tasks": 20,